EmployeeID,EmployeeName,Age,Gender,EducationLevel,ExperienceYears,DateOfJoining,Location,Department,Role,Manager,AppraisalScore(1-5),KPI_Achievement(%),BehaviourScore(1-5),3Yr_Avg_Performance,PotentialScore(1-5),GoalCompletionRate(%),ProjectsCompleted,Attendance(%),ProductivityIndex,ErrorRate(%),CustomerFeedback(1-5),CommunicationScore(1-5),TeamCollaboration(1-5),ProblemSolving(1-5),LeadershipScore(1-5),LearningAgility(1-5),SuccessorReadiness,CurrentSkillScore,RequiredSkillScore,SkillGapScore,TrainingHours,CertificationsCompleted,TrainingEffectiveness(1-5),AttritionRiskScore(1-5),EngagementScore(1-5),WorkLifeBalanceScore(1-5),PeerFeedback(1-5),ManagerFeedback(1-5),BaseSalary,Increment(%),Bonus(%),CriticalRole(Yes/No)
E1000,Employee_0,42,Other,Masters,4.7,24-11-2015,Central,Operations,Junior Engineer,Rao,2.9,62,2.6,4.9,5,79,6,71,0.68,1.83,2.9,3.6,3.3,2.9,3.8,2.4,Ready in 3 Years,54,67,13,46,5,2.6,4,3.8,2.1,3.8,2.5,773254,1.3,23.8,No
E1001,Employee_1,23,Other,PhD,3.9,14-03-2012,North,HR,HR Manager,Rao,3,63,3.3,3.8,3,53,18,95,0.95,3.95,4.8,4.2,3,3.7,3.6,4.9,Ready Now,48,85,37,15,4,2.8,5,3.8,4.9,3.8,2.8,1278732,2.4,24.7,No
E1002,Employee_2,32,Other,Bachelors,18.1,27-01-2007,Central,IT,System Analyst,Singh,3.4,87,4.7,4.1,3,82,16,92,0.81,3.25,4.2,3.9,4.7,3.4,2.4,4.1,Ready Now,47,83,36,4,1,2.7,3,3.6,3.3,2.1,2.3,1069598,18,14.5,Yes
E1003,Employee_3,36,Other,Bachelors,6.5,19-11-2011,West,Operations,Senior Engineer,Singh,4.1,65,3.6,3,5,79,11,95,0.62,3.56,4.7,2.8,3.9,2,3.1,2.9,Ready in 1 Year,76,82,6,7,2,3.3,5,4.1,2.8,2.7,2.5,361087,10.9,19.1,Yes
E1004,Employee_4,23,Other,Bachelors,4.6,17-11-2021,South,IT,Data Engineer,Singh,3.5,82,3.2,4.8,4,51,12,95,1.49,2.42,4,4.3,2.7,4.2,3.1,3.9,Ready in 1 Year,51,98,47,21,2,4.4,1,2.5,3.5,4.1,4.6,1482459,13.9,5.3,Yes
E1005,Employee_5,39,Male,Diploma,9.2,10-07-2022,East,Finance,Sr. Accountant,Rao,2.9,61,5,4.9,2,86,9,78,0.85,7.26,4.7,4.7,4.3,3.9,2.3,2.5,Ready in 1 Year,80,92,12,39,3,3.7,1,4,2,2.5,3.6,302869,9.5,24.9,No
E1006,Employee_6,42,Other,Diploma,16.8,27-12-2005,East,IT,System Analyst,Joshi,3.7,67,4.1,4.5,3,82,15,70,0.7,7.22,2.8,2.1,3.9,2.5,4.8,4.9,Ready Now,72,73,1,5,2,4.2,5,4.8,3.3,4.9,4.9,948307,6.6,12.7,Yes
E1007,Employee_7,46,Female,Diploma,21.3,14-08-2007,South,IT,System Analyst,Singh,3.1,61,3.3,4.6,2,92,16,76,0.79,8.09,4.4,4.6,4.7,3.5,3.5,4.4,Ready Now,42,77,35,7,5,4.4,4,4.7,2.1,3.7,3.3,949150,1.7,14.3,Yes
E1008,Employee_8,36,Female,Diploma,4,21-08-2005,West,Sales,Sales Manager,Rao,4.9,98,2.7,2.6,5,79,15,72,1.14,7.26,4.9,3.5,3,4.4,2.8,3.3,Ready in 3 Years,61,65,4,25,4,2.6,1,4.1,2.2,4.7,3.3,477247,11.4,19.3,No
E1009,Employee_9,26,Female,Bachelors,11.1,16-10-2016,East,Sales,Sales Executive,Joshi,2.8,88,2.8,2.6,2,79,14,99,1.2,4.74,2.3,3.5,3.4,2.5,3.3,3.2,Ready in 1 Year,40,75,35,53,4,4.7,4,3.1,3.9,3.5,4.6,309540,14,17.3,No
E1010,Employee_10,48,Female,Diploma,16.4,11-03-2005,Central,HR,HR Executive,Rao,3.5,92,4.1,3,2,62,12,83,0.52,0.94,4,2.2,3,4.5,2.1,4.4,Ready Now,67,91,24,6,3,4.1,2,3.9,4.6,4.2,4.4,1572568,11.4,13.5,No
E1011,Employee_11,39,Male,Diploma,14.9,17-12-2009,Central,Finance,Accountant,Mehta,3.1,89,4.8,3.8,5,74,13,96,0.6,0.53,4.9,4.5,3.1,4.9,4,3.4,Ready in 1 Year,74,95,21,46,4,2.3,4,3,4,4.3,4.4,589336,3.2,23.6,No
E1012,Employee_12,50,Other,Diploma,3.8,10-09-2016,South,HR,HR Executive,Rao,4.7,97,2.7,4.3,3,58,18,96,1.21,0.81,2.3,5,3.1,3.1,4.4,4.8,Ready Now,74,82,8,44,3,3.1,4,2.3,4.3,3.7,3.3,748345,7.3,13.7,Yes
E1013,Employee_13,49,Male,Diploma,16.6,13-03-2005,West,Sales,Sales Manager,Mehta,3.4,84,4.7,3.1,3,93,13,82,0.54,8.91,3.6,5,2.2,3.7,4.9,3.6,Ready Now,67,79,12,48,5,2.9,1,3.9,3.8,4.7,2.1,1165291,19.2,6.2,No
E1014,Employee_14,49,Female,PhD,9.5,28-12-2022,Central,Operations,Senior Engineer,Mehta,3.1,86,4.2,3.8,2,69,13,97,0.77,1.33,2.2,4.8,3.2,3.7,4.8,2.2,Ready in 1 Year,67,67,0,49,2,2.1,1,4.3,3.4,5,3.1,585977,8.2,24.4,Yes
E1015,Employee_15,56,Other,Bachelors,1.3,17-12-2010,Central,IT,Software Developer,Joshi,5,82,4.4,4.9,3,68,17,90,0.95,1.29,4.9,3.8,2.7,4,3.9,3.1,Ready in 3 Years,72,93,21,25,1,3.6,3,3.6,4.6,3.7,3.7,1110717,16,16.8,Yes
E1016,Employee_16,32,Other,Diploma,4.3,18-06-2006,South,Sales,Sales Executive,Singh,3.5,86,2.7,4.3,2,87,1,93,1.41,2.98,3.6,4.1,4.4,3.4,4.5,4.3,Ready Now,53,61,8,33,5,3.5,5,2.6,3.7,3,3.6,979574,3.4,8,No
E1017,Employee_17,24,Other,Diploma,17,19-10-2022,East,Operations,Senior Engineer,Joshi,2.9,87,3.4,2.6,3,50,5,78,0.86,8.94,2.4,3,3,2.3,3.4,4.1,Ready in 1 Year,43,84,41,42,4,2,4,4.4,4.2,2.6,2.6,1217559,10.2,17.4,Yes
E1018,Employee_18,28,Other,Diploma,21.3,13-12-2015,South,HR,HR Executive,Singh,3.4,74,2.8,4.3,5,59,7,94,1.34,0.89,3.6,2.7,3,3.4,3.1,3.9,Ready in 1 Year,65,73,8,46,3,3.6,2,3.7,3.8,3.7,3.1,491076,7.9,17.9,No
E1019,Employee_19,54,Male,Masters,6.4,16-07-2010,West,Finance,Sr. Accountant,Ahuja,2.7,89,2.9,4.7,4,52,19,77,1.2,9.97,4.7,3.7,4.8,2,4.9,3.5,Ready in 1 Year,84,65,-19,50,5,4.8,3,3.7,2.8,4.3,2.6,364323,9.1,15.2,Yes
E1020,Employee_20,35,Female,Bachelors,13.1,03-11-2008,North,Operations,Junior Engineer,Singh,3.6,64,2.7,5,2,89,2,89,0.75,6.82,4.3,3.8,3.4,3.2,3,4.8,Ready in 1 Year,40,85,45,59,3,3.2,5,4.2,4.8,2.5,2.2,1392501,1.9,20.6,Yes
E1021,Employee_21,56,Male,Bachelors,20.5,04-10-2018,North,IT,Software Developer,Joshi,4,77,4.5,3.6,3,81,19,98,0.8,7.48,3.5,2.7,4.7,3.2,3.6,4.7,Ready in 3 Years,53,89,36,38,2,3.3,3,3.9,3,2.4,4.4,1616128,11.1,22.9,No
E1022,Employee_22,48,Other,Bachelors,1.8,05-10-2006,East,Sales,Sales Manager,Singh,3.4,97,3.8,3.4,2,73,15,98,1.04,4.86,3.2,4.3,2,3.8,3.7,4.1,Ready in 3 Years,72,96,24,4,3,2.5,2,3,2.7,3.3,2.9,1176906,3.9,16.7,No
E1023,Employee_23,33,Male,PhD,1.6,28-01-2014,South,HR,HR Executive,Mehta,3.6,88,2.8,4.6,4,72,1,83,0.74,1.66,2.6,4.5,3,2.9,2.7,3.8,Ready in 3 Years,72,99,27,8,4,3,4,4.4,3.8,2.3,3.2,1317433,18.5,11.9,No
E1024,Employee_24,45,Male,Diploma,5,11-01-2005,South,Finance,Analyst,Rao,3,66,4.9,3.6,5,71,8,86,0.8,3.1,3.2,3.3,4.4,3,3.4,3.9,Ready Now,66,76,10,29,2,2.2,3,3.4,3.6,3.3,3.2,600709,15.5,7.1,No
E1025,Employee_25,53,Female,Masters,22.5,01-12-2006,West,Sales,Sales Executive,Singh,4.7,67,2.6,3.1,5,72,8,91,0.84,5.69,4.7,3.7,4.2,4.4,5,3.8,Ready in 1 Year,78,62,-16,42,3,4.8,5,3.2,3,2.3,3.9,578176,4.9,5.5,Yes
E1026,Employee_26,22,Other,Bachelors,9.2,03-02-2014,West,Finance,Accountant,Rao,4.1,97,4.4,3.4,2,93,3,89,1.47,7.8,2.3,3.7,5,3.4,2.5,3.5,Ready Now,57,61,4,13,0,3.6,5,3.2,2.7,3.9,3.3,1586585,18.1,18.8,Yes
E1027,Employee_27,57,Male,Masters,2.6,06-09-2009,South,Finance,Analyst,Rao,3,81,2.8,4.8,3,76,8,71,1.1,6.65,2.5,4.7,3.3,3.1,3.6,2.1,Ready in 1 Year,57,80,23,42,0,2.2,4,4.3,2.2,4.5,3.3,1570896,14.7,17.2,No
E1028,Employee_28,43,Male,PhD,6.2,19-04-2008,East,HR,HR Executive,Rao,2.6,93,4.1,3.7,2,58,8,86,0.91,7.05,3.8,3.4,2.2,2.2,2,4.9,Ready in 1 Year,86,83,-3,33,3,3.1,4,4.4,4.9,4.4,4.1,1608144,4.5,15.8,No
E1029,Employee_29,44,Male,Masters,16.3,18-09-2012,North,Finance,Sr. Accountant,Rao,3.1,85,2.6,4.2,5,59,16,76,1.5,5.56,3.4,2.9,2.4,4.2,2.6,2.3,Ready in 3 Years,60,76,16,22,4,3.4,4,4.5,3,4.5,2.1,637054,7.9,16.2,Yes
E1030,Employee_30,47,Other,Diploma,2.6,17-08-2019,West,HR,HR Executive,Joshi,4.2,72,4.1,4.7,3,93,2,92,0.96,9.9,2,2.6,3.2,4.8,2.2,2,Ready Now,76,99,23,48,4,2.1,4,3.9,4.6,5,4.3,1529720,7.4,15.5,Yes
E1031,Employee_31,51,Female,PhD,18.2,16-09-2009,North,IT,DevOps Engineer,Joshi,5,68,2.8,3.5,5,61,5,98,0.76,5.89,4.9,4.7,3.8,4.7,5,4.2,Ready in 3 Years,84,73,-11,7,3,4.5,5,4.5,2.4,2.1,3.2,776072,4.5,20.6,No
E1032,Employee_32,30,Other,PhD,24.9,18-03-2014,South,Sales,Sales Executive,Mehta,2.9,91,3.7,4.1,2,96,9,73,1.08,0.91,4.6,2.8,2.4,4.7,4.9,4.6,Ready Now,86,82,-4,14,0,3.7,3,2.8,2.8,2,4.1,1460793,11.1,24.2,No
E1033,Employee_33,38,Female,PhD,22.2,03-10-2023,South,Sales,Sales Manager,Ahuja,4.7,92,4.7,4.5,5,77,1,96,1.37,7.08,4.5,4.1,4,3.9,4.3,2.5,Ready in 3 Years,44,72,28,44,1,3.4,2,2.4,3,4.2,2.5,712003,11.6,20.1,No
E1034,Employee_34,38,Other,Masters,16.2,16-03-2017,East,HR,HR Manager,Singh,3.6,93,3.4,4.1,3,86,4,89,1.19,0.68,2.9,4.1,2.2,3.7,3,3.9,Ready in 3 Years,52,86,34,17,1,5,5,3.3,3.9,3.8,3.2,1143804,1.4,11.5,Yes
E1035,Employee_35,55,Female,Masters,24.9,13-03-2021,North,Finance,Sr. Accountant,Joshi,4.2,91,2.7,4.2,3,60,3,86,1.46,0.31,4.2,4.7,4.6,4.9,4.3,3.3,Ready in 3 Years,62,85,23,0,1,4.7,2,2.6,2.1,4,3.1,731374,10,15.9,No
E1036,Employee_36,36,Other,Masters,13.7,12-03-2011,Central,IT,Software Developer,Rao,4.9,79,4.5,3.7,3,56,17,99,1.19,4.3,2.6,3.5,2.2,3.7,2.8,4.4,Ready in 3 Years,68,67,-1,12,0,2,2,4,3.2,4.9,4.2,1354730,14.2,22.2,No
E1037,Employee_37,45,Male,Bachelors,3.5,22-06-2018,West,IT,System Analyst,Rao,3.4,99,2.5,3.3,3,82,1,78,0.85,0.33,2.2,3.2,2.4,3.7,4.1,4.4,Ready in 1 Year,50,81,31,41,3,2.3,3,2.4,4.7,3.8,3.8,949438,11.3,19.2,No
E1038,Employee_38,32,Female,Masters,19.8,28-09-2007,South,HR,HR Manager,Ahuja,4.3,71,3.1,2.9,2,100,19,92,0.97,7.44,4.6,3.3,2.1,2.5,2.1,4,Ready Now,59,66,7,31,0,3.5,4,2.6,4,2.2,2.1,816998,9.8,22.4,Yes
E1039,Employee_39,25,Female,PhD,13.1,19-01-2022,North,HR,HR Executive,Rao,2.6,93,3.7,4.7,3,85,6,76,0.78,5.92,4.7,2.6,3.9,3.9,4.2,2.4,Ready in 1 Year,63,79,16,22,1,2.7,2,2.5,4.6,3.5,2.7,920347,8.7,16.9,Yes
E1040,Employee_40,27,Male,Diploma,8.5,05-03-2006,Central,IT,System Analyst,Mehta,4.4,95,4.9,3.6,4,59,3,91,0.67,5.2,3,4.5,3.3,2.7,3.9,4.1,Ready in 1 Year,41,98,57,19,3,2.1,5,3.1,3.6,4.3,4.1,641815,12.1,22.4,No
E1041,Employee_41,23,Male,Diploma,6.5,03-07-2005,Central,Finance,Accountant,Joshi,2.7,92,3.8,2.6,3,69,18,93,1.19,0.17,3,4.9,3.7,2.8,3.6,3,Ready in 1 Year,59,73,14,19,5,2.9,2,2.6,4,4.9,2.3,1325799,4,9.7,Yes
E1042,Employee_42,51,Female,Masters,15.8,17-08-2012,West,HR,HR Executive,Ahuja,4.8,63,4.2,3,5,63,16,74,1.08,3.49,2.5,3.8,3,4.6,5,4.3,Ready Now,65,69,4,12,0,2.3,2,3.2,3,4,4.4,635441,17.7,11.3,Yes
E1043,Employee_43,46,Male,Diploma,16.1,19-05-2011,West,Finance,Accountant,Joshi,3.6,91,3.4,3.1,3,60,3,77,1.17,6.19,3.4,3.1,4.6,3.6,3.4,2.1,Ready in 1 Year,63,66,3,24,3,2.4,5,2.7,3.4,3.2,3.6,1561357,14.6,24.1,Yes
E1044,Employee_44,36,Male,PhD,23.2,21-04-2019,Central,Sales,Sales Executive,Ahuja,2.8,63,3.1,3.2,4,78,15,97,1.04,3.11,3.8,4.1,2.8,3.2,2.4,2.5,Ready in 3 Years,82,75,-7,43,1,4.4,1,3.7,2.8,4.9,3.5,1710822,16.5,12.5,Yes
E1045,Employee_45,42,Female,PhD,6.5,24-10-2013,South,HR,HR Executive,Mehta,4.6,67,4.4,3.9,4,86,4,87,1.23,8.51,4,4.4,4.3,2.4,3.3,2.5,Ready Now,52,81,29,34,3,4.6,5,2.3,2.1,3.9,3.8,1634431,13.1,10.1,Yes
E1046,Employee_46,56,Other,Bachelors,17.2,07-06-2014,North,Sales,Sales Executive,Mehta,2.5,83,2.8,2.8,3,87,10,76,1.27,2.65,3.9,3.8,3.2,3.1,3,3.9,Ready Now,64,61,-3,48,3,2.2,5,2.2,3.9,2.8,3.8,1343445,5.4,14.1,No
E1047,Employee_47,38,Other,Masters,11.7,12-06-2012,South,HR,HR Executive,Rao,4.9,88,4.2,3,5,91,16,81,0.85,6.65,4.4,4.8,2.7,3.2,2.5,5,Ready Now,83,61,-22,56,5,3.6,2,4.4,4.6,3.8,3.5,834003,14.5,5.7,Yes
E1048,Employee_48,42,Female,Diploma,6.7,03-11-2005,West,HR,HR Executive,Singh,4,65,4.8,3.7,3,86,10,81,1.43,1.16,4.5,3.1,4.6,4.6,4.4,4.4,Ready in 1 Year,41,100,59,8,4,2.1,3,4.1,3,4.9,3.9,1223160,11.9,14.6,Yes
E1049,Employee_49,37,Female,Masters,5.2,09-03-2007,North,Operations,Junior Engineer,Joshi,3.4,67,3.7,3.8,4,53,13,97,1.28,1.22,3.8,4.8,4.6,2.8,4.6,2,Ready in 3 Years,53,60,7,1,3,3.1,3,3.7,2.6,2.6,3.5,1791633,2.1,18.9,Yes
E1050,Employee_50,30,Female,Masters,3.4,01-12-2020,West,Finance,Accountant,Rao,5,76,3.1,3.1,2,85,6,76,1.22,7.92,3.2,4,3.1,3.6,3.4,2.5,Ready Now,74,80,6,21,4,2,2,2.4,3.3,4.4,3.7,1634742,3.6,15.7,Yes
E1051,Employee_51,39,Male,Bachelors,2,17-03-2021,West,Sales,Sales Executive,Ahuja,3.6,85,2.8,4.7,5,67,8,72,0.88,3.94,3.4,4.4,4.7,4.9,4.4,2.9,Ready Now,65,80,15,1,3,2.2,1,4.5,2.1,4.7,3.4,1738454,13.5,22.9,No
E1052,Employee_52,45,Male,Diploma,3.5,23-01-2016,Central,IT,DevOps Engineer,Joshi,2.6,82,4.3,2.7,5,84,17,74,1.01,3.88,3.4,5,4.9,4.8,4.4,3.1,Ready in 1 Year,56,82,26,4,4,4,2,2.1,2.2,4.9,2.9,1073887,5.3,24.5,Yes
E1053,Employee_53,25,Female,Bachelors,16.5,21-10-2022,West,HR,HR Executive,Rao,3.7,61,4,4,4,65,2,80,0.54,1.11,3.8,2.3,3.1,3.7,3.2,2.5,Ready in 1 Year,88,95,7,19,4,4,3,4.7,3.9,2.9,4.4,479830,17.7,10.2,Yes
E1054,Employee_54,29,Female,PhD,14.4,22-11-2016,East,HR,HR Executive,Mehta,4.8,88,4.3,2.8,2,64,18,84,1.01,8.41,4.2,3.6,3.8,3.5,2.9,3.7,Ready Now,52,80,28,29,3,3.9,5,2.5,3.4,2,2.7,742882,19.8,7,No
E1055,Employee_55,31,Male,PhD,20.6,16-09-2006,Central,HR,HR Manager,Mehta,3.9,81,4.6,4.6,5,66,14,83,1.25,7.59,4,4.3,4.5,3.4,3.5,2.4,Ready in 3 Years,82,84,2,3,3,4.3,3,2.4,4,2,2.5,1428649,12.8,12.1,Yes
E1056,Employee_56,25,Male,Masters,18.4,23-10-2009,West,Sales,Sales Manager,Rao,2.6,83,4.2,4.5,4,68,17,83,0.65,6.95,4.2,4.9,2.6,4.5,3.6,3.1,Ready in 1 Year,56,66,10,54,0,3.3,2,3.1,2.2,4.4,4.3,1233688,18.7,17.9,Yes
E1057,Employee_57,36,Female,Diploma,21.2,09-07-2015,South,Operations,Senior Engineer,Joshi,3,69,3.3,2.6,2,79,13,75,1.02,2.99,4.8,2.8,3.3,4.6,4.5,2.6,Ready Now,87,86,-1,20,1,4.8,4,2.4,2.2,4.2,3.5,1705568,15.8,5.1,Yes
E1058,Employee_58,45,Male,PhD,1.3,22-10-2016,West,Operations,Senior Engineer,Ahuja,3.2,73,3.1,3.2,3,80,10,94,1.28,0.65,3.5,2.1,2.2,4.7,2.4,3.6,Ready Now,70,79,9,26,5,4.7,2,4.2,3.6,2.4,4.6,350601,16.7,20.8,No
E1059,Employee_59,26,Other,Diploma,5.8,19-03-2021,North,IT,Software Developer,Joshi,4,92,2.9,3.1,3,56,1,86,1.48,2.27,3.2,3.6,4.4,3.6,3.8,2.7,Ready in 1 Year,60,77,17,0,1,2.5,2,4,2.6,2.3,4.6,1164690,13.4,15.9,No
E1060,Employee_60,53,Other,Bachelors,5,22-04-2008,Central,Operations,Junior Engineer,Rao,4.7,86,4.9,3.9,5,75,17,71,0.57,4.64,4.7,3.6,3.5,2.3,4,4.5,Ready in 1 Year,49,94,45,42,2,3.3,3,2.6,3.6,2.9,4.4,619972,13.1,21,Yes
E1061,Employee_61,33,Female,Diploma,15.7,27-03-2017,South,HR,HR Manager,Ahuja,5,92,4,2.6,5,86,16,80,0.81,7.99,4.9,4.6,2.4,4.2,3,5,Ready Now,59,65,6,54,4,4,5,3,5,4.9,4,1749796,11.6,15.5,Yes
E1062,Employee_62,56,Male,PhD,21.6,06-02-2010,East,Operations,Senior Engineer,Rao,3.3,70,4.8,4.1,2,70,2,91,1.33,3.35,2.5,4.1,4.5,2.3,2.7,2.4,Ready Now,65,64,-1,50,1,4.2,1,3.3,3.7,4.2,4.4,733934,5.8,5.6,Yes
E1063,Employee_63,49,Other,Diploma,5,23-08-2005,East,HR,HR Manager,Rao,4.7,97,3.4,2.7,2,95,14,73,1.37,7.66,4.4,4,2.8,4.7,4,3.7,Ready in 3 Years,74,99,25,33,5,3.4,4,3.1,2.4,3.2,4.4,584154,9,5.8,No
E1064,Employee_64,40,Female,Diploma,20.8,28-09-2023,West,HR,HR Manager,Joshi,4.9,68,3.3,4.6,5,68,15,89,0.61,7.04,3.6,2.3,2.7,2,3.4,2.9,Ready in 3 Years,62,81,19,52,2,2.7,1,2.1,4.7,4.6,4,617013,18,8.7,Yes
E1065,Employee_65,33,Other,Diploma,24.9,21-05-2022,Central,Sales,Sales Manager,Rao,3.1,92,4.3,3.8,2,53,3,86,0.56,9.56,2.1,4.1,2.2,4.7,3.4,2.4,Ready in 3 Years,88,89,1,25,3,3.3,5,3.9,3.8,4.1,2.7,973222,3.5,9.7,No
E1066,Employee_66,45,Female,Diploma,18.8,23-08-2005,North,Sales,Sales Executive,Singh,3.4,71,4,4.8,4,91,1,94,0.83,4.82,2.6,3.8,2.8,2.6,3.5,2,Ready in 1 Year,61,61,0,48,5,4.5,4,2.3,3,4.4,3.7,1642057,6.6,23.6,Yes
E1067,Employee_67,45,Male,Diploma,22.1,13-07-2013,East,Sales,Sales Executive,Ahuja,3.6,60,3.5,4.3,5,57,13,81,1.17,2.97,4.2,4.9,4.2,4.6,2,4.2,Ready in 3 Years,80,76,-4,22,0,3.8,2,2.8,4,4.4,4,858830,9,20,Yes
E1068,Employee_68,23,Other,Bachelors,17.3,11-03-2006,Central,Operations,Senior Engineer,Singh,3.8,68,4,4.7,5,55,2,98,0.57,5.34,2.4,2,3.3,2.9,3.5,3.7,Ready in 1 Year,90,74,-16,36,4,4.4,1,4.2,4,4.5,4.1,1346161,8.7,6.6,Yes
E1069,Employee_69,53,Other,Diploma,21.6,23-09-2019,East,Sales,Sales Manager,Singh,3.4,95,3.5,3.8,3,77,5,76,0.64,8.9,3,2.5,2.1,3.9,3.9,3,Ready in 3 Years,69,93,24,26,5,3.8,1,4,3.8,3.1,2.7,1343659,11.6,7.1,Yes
E1070,Employee_70,45,Other,Diploma,24.1,27-10-2008,East,Sales,Sales Manager,Ahuja,2.9,65,4.4,3.6,3,91,5,95,0.62,9.56,2.9,4.7,3.8,4.5,5,2.9,Ready in 3 Years,44,89,45,51,0,3.2,4,4.9,3.4,3.6,2.5,1697556,16.8,13.8,No
E1071,Employee_71,42,Other,Diploma,14.1,24-12-2005,Central,HR,HR Manager,Ahuja,2.9,93,3.7,3.5,2,84,18,77,0.83,7.93,3.4,4.2,2.4,4.6,4.1,4.7,Ready in 3 Years,84,80,-4,26,4,3.8,5,3.4,2.1,4.2,3.6,831972,16.1,10.5,No
E1072,Employee_72,40,Female,PhD,3.2,26-07-2010,West,HR,HR Manager,Ahuja,3,83,3.6,4,5,100,18,86,1.37,9.81,3.2,4.5,4.3,3.7,4.9,2.6,Ready Now,45,76,31,7,3,2,1,4.5,4.7,2.2,4.7,630170,1.6,24.4,Yes
E1073,Employee_73,43,Other,Diploma,17.6,16-05-2014,West,HR,HR Manager,Singh,3.3,94,3,4.9,4,84,19,87,1.18,8.28,2.9,2,4.2,4.5,4.2,2.4,Ready Now,61,88,27,59,0,4.3,4,4.1,2.3,3.2,4.2,562093,8.7,13.1,No
E1074,Employee_74,35,Male,Bachelors,17.7,27-03-2017,South,Finance,Sr. Accountant,Mehta,3.8,75,3.7,2.9,3,62,15,97,1.36,4.01,2.9,2.5,2.8,2.1,3.7,4.5,Ready Now,47,62,15,40,5,4.9,5,2.6,3.2,4.3,2.6,578710,10.6,14,No
E1075,Employee_75,35,Female,PhD,6.6,04-06-2019,Central,Operations,Senior Engineer,Ahuja,4.4,77,3.5,2.9,3,67,2,80,0.77,4.02,2.3,2.6,4.3,4.1,3.8,4.7,Ready in 1 Year,59,91,32,7,0,3,4,4.2,2.9,2.3,3.1,484456,17,11.3,No
E1076,Employee_76,40,Male,Masters,10.1,05-03-2016,North,HR,HR Executive,Singh,2.6,88,3.5,4.1,5,59,15,92,0.75,8.76,2.5,2.8,2.4,4,4.8,2.8,Ready in 3 Years,90,72,-18,18,3,5,1,3.1,4.9,3.5,3.3,1073422,3.1,17.7,Yes
E1077,Employee_77,34,Female,Bachelors,20.7,09-09-2006,East,Operations,Junior Engineer,Mehta,4.5,82,4,3.2,5,57,7,73,1.24,3.16,3.9,3.2,4.1,2.6,4.7,2.9,Ready in 3 Years,46,100,54,12,0,4.5,2,3.6,2.3,4.1,2.7,1522613,14.5,24,Yes
E1078,Employee_78,38,Female,PhD,1.2,04-09-2015,South,IT,DevOps Engineer,Rao,3.5,60,3.3,4.4,4,66,8,97,1.48,1.26,2.1,4.3,4.4,2.4,2.8,2.1,Ready Now,86,97,11,24,0,4.2,4,3.9,3.7,3.7,4,481196,19.5,21.9,Yes
E1079,Employee_79,29,Male,Masters,4.7,09-03-2012,Central,Finance,Accountant,Singh,4,72,4.4,3.7,3,53,8,78,0.74,5.31,4,3.9,3.7,4.3,2.6,4.2,Ready in 3 Years,62,84,22,41,0,3.9,2,2.9,2.8,4.9,3.6,1034275,8.4,18.5,Yes
E1080,Employee_80,45,Female,PhD,13.9,26-02-2013,North,IT,Software Developer,Singh,2.5,70,2.6,3.5,3,76,2,84,0.85,9.49,4.9,3.9,4.8,4.3,3.6,2.5,Ready in 3 Years,86,97,11,29,2,2.5,5,3.4,4.7,4,2.4,1047852,11,12.8,No
E1081,Employee_81,47,Female,Bachelors,6.3,18-09-2009,East,IT,System Analyst,Singh,5,63,4.6,4.3,2,83,17,80,0.9,9.53,4.9,3.2,4.6,4.3,2.9,2.7,Ready in 3 Years,43,94,51,38,0,2.5,2,4.3,3.5,2,2,711236,8.2,16,Yes
E1082,Employee_82,23,Other,PhD,20.4,25-11-2009,Central,Finance,Accountant,Ahuja,4.7,69,4.8,2.9,4,76,2,88,0.99,5.13,3.4,3.9,2.3,2.1,2.2,3.3,Ready in 1 Year,63,99,36,13,0,4.4,4,3.2,3.7,3.2,4.5,1101849,17.7,24.5,Yes
E1083,Employee_83,26,Female,Bachelors,5.2,13-08-2006,North,HR,HR Executive,Joshi,3.6,70,3.9,3.6,5,75,19,88,0.64,4.3,4.7,4.5,3.2,4.3,4.5,4.7,Ready in 1 Year,50,100,50,51,4,3.8,1,2.9,3.8,2.1,3.9,714170,2.3,23.8,Yes
E1084,Employee_84,48,Other,Bachelors,18.4,03-04-2014,South,IT,DevOps Engineer,Mehta,3.7,82,4.8,3.5,2,90,6,74,1.22,2.01,2.6,2,3.3,4.6,2.2,2.6,Ready in 1 Year,86,83,-3,50,3,4.2,5,4.3,3.8,4.7,4.5,1741149,7.4,25,No
E1085,Employee_85,37,Other,Diploma,14.1,02-11-2014,North,Sales,Sales Manager,Mehta,4.9,69,3.7,3.4,5,96,5,75,1.28,7.08,2.5,4.9,3.3,2.5,2.5,2.3,Ready in 1 Year,60,67,7,0,1,4.2,1,2.8,4.4,2.6,3,992485,13.6,8.1,Yes
E1086,Employee_86,38,Other,Masters,4.9,17-02-2008,East,IT,System Analyst,Ahuja,4.6,99,4.5,4,3,53,19,75,1.05,9.67,2.2,3.5,4.2,4.6,2.5,4.4,Ready in 3 Years,87,60,-27,18,3,2.7,3,4.6,2.5,2.9,2.9,1675607,16.5,15,No
E1087,Employee_87,39,Male,Bachelors,1.5,27-05-2015,West,Finance,Analyst,Mehta,4.8,64,4.3,3.5,3,82,18,85,0.83,6.78,2.2,2.6,3.1,4.9,4.4,4.2,Ready in 3 Years,55,78,23,13,2,4.4,5,2.3,2.8,2.8,3.3,1374567,2.3,15.4,Yes
E1088,Employee_88,26,Female,Masters,15,17-11-2021,West,HR,HR Manager,Ahuja,4,93,3.7,3.2,5,73,10,75,1.47,6.04,2.2,2.2,4.9,2.9,2.3,3.8,Ready in 3 Years,44,87,43,46,1,2.8,2,4.1,3.1,3.7,3.4,1077567,12.6,11.3,No
E1089,Employee_89,22,Other,Masters,11.8,22-11-2019,East,Finance,Analyst,Joshi,3,81,4.1,3.4,2,77,1,86,0.89,9.36,3.6,4.8,2.7,4.2,3.9,4.2,Ready in 1 Year,68,63,-5,47,5,2.3,2,4.2,3,4.7,2.3,559480,9.2,10.2,Yes
E1090,Employee_90,40,Male,Diploma,16.3,20-02-2014,Central,Finance,Accountant,Mehta,4.5,91,4.8,2.6,2,95,5,80,0.75,0.63,3.4,4.2,3.8,4,2.2,4.9,Ready in 1 Year,66,85,19,17,5,3.1,4,4.8,3.6,2.6,3.9,1183520,5.8,24.8,No
E1091,Employee_91,30,Male,Masters,20.2,28-01-2011,West,Finance,Analyst,Mehta,4.7,68,2.6,4.5,3,92,6,95,1,5.35,2.4,4.4,3.3,3.5,4.4,3.8,Ready Now,81,76,-5,3,5,3.5,5,3.4,2.1,2.6,2.8,597986,8.8,18.1,Yes
E1092,Employee_92,31,Male,Masters,22.2,19-04-2017,East,Sales,Sales Manager,Rao,3.2,63,4.8,3.6,3,72,13,92,0.72,8.09,4.4,3.9,3.1,2.8,2.7,3,Ready Now,68,64,-4,8,5,3.7,3,3,3.6,4.4,4.7,535595,17.3,20,Yes
E1093,Employee_93,44,Male,PhD,17.7,13-07-2019,North,IT,Software Developer,Joshi,4.3,65,4.5,3.2,3,82,17,99,0.67,8.91,2.7,3.1,2.3,2.7,3.6,3.8,Ready in 1 Year,86,96,10,38,5,2.8,4,3.7,5,3.2,4.3,1449122,14.2,19,Yes
E1094,Employee_94,22,Female,Bachelors,13.8,21-01-2017,Central,Sales,Sales Manager,Joshi,3.6,83,4.2,3,2,75,17,72,0.7,5.08,3.3,2.1,4.4,2.2,3.4,3.7,Ready Now,73,72,-1,42,1,2.8,1,4.2,4.1,4.3,3.4,932405,17,14.7,Yes
E1095,Employee_95,40,Other,Masters,10.7,11-03-2019,Central,IT,DevOps Engineer,Mehta,4.5,61,2.7,4.7,5,96,8,73,1.35,5.46,4.9,3.4,3.5,5,2.7,4.8,Ready in 1 Year,53,88,35,28,2,2.7,3,4.1,3.1,3.1,2.1,1741246,14.5,5.2,Yes
E1096,Employee_96,49,Other,PhD,3.3,04-09-2019,North,HR,HR Manager,Singh,3.9,98,4.2,4.4,4,86,19,81,1.24,1.7,2.6,4.7,4.2,4.7,4.3,3.8,Ready in 1 Year,88,68,-20,35,1,3.7,2,2.9,3.2,4.1,3.2,841287,7,9.8,Yes
E1097,Employee_97,31,Other,Diploma,14.4,12-02-2006,East,HR,HR Manager,Singh,3.6,91,3.6,3.9,2,96,3,75,1.25,2.25,3.6,4.5,3.4,2.8,4,4.5,Ready in 1 Year,69,71,2,38,4,4.4,4,3.4,4.9,4.4,4.3,1502515,8,13.6,Yes
E1098,Employee_98,42,Other,Diploma,14.4,16-02-2018,North,Sales,Sales Executive,Ahuja,3.8,88,3.6,4.2,3,51,8,80,1.31,7.07,4.9,4.5,4.7,4.8,4.4,4,Ready in 3 Years,61,65,4,44,2,2.7,5,3,4.9,4.7,4.5,1374101,11.8,11.3,No
E1099,Employee_99,52,Female,PhD,16,15-07-2008,East,Sales,Sales Executive,Singh,3.9,75,3.5,3.5,4,74,4,98,1.14,7.33,4,2.4,3.7,3.7,4.6,3.1,Ready in 1 Year,61,97,36,54,3,3.6,3,3.4,3.3,3.5,4.6,1285257,14.6,16.9,Yes
E1100,Employee_100,39,Other,Diploma,5,09-07-2009,East,Finance,Accountant,Mehta,4.1,69,3.9,4.4,4,53,1,84,0.7,0.42,3.7,3.4,4.8,2.2,4.1,2.1,Ready in 3 Years,57,86,29,42,3,3.4,4,4.9,3.6,3.5,3.2,416545,11.9,10.5,No
E1101,Employee_101,43,Male,PhD,6.5,20-04-2021,East,HR,HR Executive,Joshi,4.9,86,4.3,3.2,4,58,3,88,0.53,8.97,3.9,4.9,3.4,4.5,2.2,3,Ready in 3 Years,47,99,52,52,3,4.5,2,4.8,2.3,3.2,2.2,1776971,4.2,14.5,No
E1102,Employee_102,41,Other,Bachelors,19.2,08-08-2012,West,HR,HR Manager,Ahuja,3.3,67,3,2.6,3,88,17,73,1.17,0.63,2.6,4.4,2.4,3,4.6,2.5,Ready in 3 Years,54,96,42,21,1,4.5,3,3.7,4.4,2.4,3.7,891271,6.8,11.2,No
E1103,Employee_103,22,Other,Diploma,8.4,24-05-2014,South,Operations,Senior Engineer,Mehta,3,84,3.9,4.2,5,66,15,79,0.81,5.38,4.5,5,4.7,3.1,2.6,3.5,Ready Now,62,76,14,11,3,4.1,4,3.1,4.6,3.2,3,857242,15.5,7.5,Yes
E1104,Employee_104,27,Other,Bachelors,14.9,04-06-2018,West,Sales,Sales Executive,Mehta,4.4,97,2.8,4.6,2,79,3,97,0.99,4.07,4.7,3.8,3.7,3.7,3.1,4.4,Ready in 3 Years,88,96,8,9,2,4.7,4,3.7,4.5,4.4,2.5,1738846,5.2,9.4,No
E1105,Employee_105,34,Male,Diploma,15.4,20-04-2021,Central,Operations,Junior Engineer,Mehta,2.9,92,3.9,3,5,57,18,96,0.54,2.91,2.6,2.7,4.7,3.4,3.4,4.3,Ready in 3 Years,61,63,2,1,5,3.3,1,4.1,4.8,3.1,4.1,737585,4.2,5.6,Yes
E1106,Employee_106,30,Female,PhD,13,20-09-2005,North,IT,System Analyst,Mehta,4.5,70,3.6,3.1,4,61,1,82,0.61,6.08,2.8,2.5,3.1,4.4,3.2,4.3,Ready in 3 Years,58,74,16,30,0,2.6,2,4,3.7,4.8,3.2,1361809,7,20,Yes
E1107,Employee_107,45,Male,Bachelors,24.1,07-03-2012,West,IT,Software Developer,Ahuja,4,78,3,3.2,3,86,19,89,1.24,2.77,2.8,4.9,2,4.1,4.1,3.9,Ready in 1 Year,74,70,-4,18,1,2.8,3,4.5,2.3,5,3.6,1099687,18.8,14.1,No
E1108,Employee_108,33,Other,PhD,9.2,02-09-2017,East,Operations,Junior Engineer,Singh,2.5,68,4.4,4.4,3,68,3,93,1.32,7.57,2.2,2,2.6,4,3.2,3.2,Ready in 3 Years,48,75,27,49,3,4.3,4,2.9,4.1,2.8,2.6,566909,18.9,17.1,No
E1109,Employee_109,54,Female,Bachelors,12.8,15-04-2018,North,IT,System Analyst,Joshi,4,64,3.4,2.6,5,96,4,96,1.43,8.21,3.7,4,4.7,3.2,3,2,Ready in 3 Years,61,80,19,10,4,4.3,2,3.7,3.4,2.4,4.9,1762108,5.3,22.9,No
E1110,Employee_110,32,Other,Masters,19.9,28-06-2012,South,IT,System Analyst,Mehta,2.6,80,3.1,2.9,4,74,12,70,0.96,2.27,3.8,2.8,3.7,3.1,4.5,4.5,Ready in 1 Year,90,89,-1,34,4,4.4,1,3,2.6,2.3,3.4,1152557,18.3,16.3,No
E1111,Employee_111,52,Male,PhD,23.4,22-05-2010,South,Sales,Sales Executive,Mehta,3.6,93,2.6,3.7,5,55,6,96,1.16,9.71,3.7,4.1,2.2,3.3,2.3,3.8,Ready in 3 Years,66,72,6,46,3,4.1,3,3.1,3.7,3.2,4.5,1235783,7.1,13.8,Yes
E1112,Employee_112,53,Male,Masters,17.2,16-05-2018,West,Finance,Analyst,Ahuja,2.6,75,2.6,3.5,5,81,13,71,1.06,2.31,3.5,4.2,4.9,2.7,4.7,4.8,Ready in 3 Years,40,94,54,38,1,2.9,3,2.3,2.9,2.1,4.3,1496454,14.9,21.5,Yes
E1113,Employee_113,50,Other,Masters,7,26-08-2022,North,Sales,Sales Manager,Joshi,4.8,65,3.3,2.6,4,91,11,80,1.48,9.66,3.2,4.2,3,4,4.4,4.8,Ready in 1 Year,45,63,18,47,2,3.4,2,2.1,3.8,4,4.1,1461328,6.8,9,No
E1114,Employee_114,44,Female,Bachelors,4.8,16-08-2017,North,Finance,Accountant,Singh,4.7,89,2.8,2.5,3,84,16,71,0.58,2.35,4.5,4.8,2.9,2.8,2.8,2.8,Ready Now,86,64,-22,41,1,2.2,3,3.3,2,4.6,4.2,609509,15.9,11.3,Yes
E1115,Employee_115,23,Female,Diploma,13.8,07-08-2019,West,HR,HR Manager,Rao,3.5,76,3.1,3.3,5,70,8,74,0.59,1.93,2.2,3.9,2.9,2.8,3,4,Ready Now,52,63,11,36,4,3,4,4.1,3.7,2.6,2.6,322692,15.4,8.1,No
E1116,Employee_116,43,Female,Bachelors,20.9,23-03-2017,South,IT,Data Engineer,Joshi,3.1,88,3.4,3.3,4,85,9,76,0.61,6.48,4.6,4.4,2.4,3.6,2.3,2.1,Ready in 3 Years,75,61,-14,10,4,2.2,4,2.8,2.2,5,2.5,900198,3.2,8.4,Yes
E1117,Employee_117,40,Other,Bachelors,19.4,02-02-2014,West,Finance,Accountant,Mehta,3.8,75,3,4.8,4,73,1,80,1.06,7.8,2,4.5,2.1,4.7,5,2.9,Ready Now,60,90,30,41,1,3.8,4,2.3,2.4,4.9,4,1191372,3.6,8,Yes
E1118,Employee_118,23,Female,Masters,10.1,10-12-2014,North,IT,Data Engineer,Joshi,4.2,96,4.1,3,2,69,18,80,0.61,9.97,2.6,3.8,3.2,2.4,2.1,3.9,Ready Now,41,75,34,33,3,3.4,2,3.3,3.6,2.5,2.9,1374846,16.3,13,Yes
E1119,Employee_119,45,Male,Masters,14.1,24-02-2009,South,Operations,Junior Engineer,Singh,3.5,65,4.3,3.2,3,65,4,93,1.29,6.76,4,4.8,2.9,2,2.8,2.7,Ready Now,67,79,12,39,2,3.8,4,3,4,3.7,3,1583871,16.5,23.5,No
E1120,Employee_120,44,Other,Masters,3.8,03-05-2005,North,Operations,Senior Engineer,Rao,3.1,82,4.5,4.7,5,84,5,78,1.05,8.12,3.2,4,5,2.7,3.2,3.4,Ready in 3 Years,44,86,42,31,2,4.5,3,3.6,4.6,5,3.7,1172318,7.2,11.1,Yes
E1121,Employee_121,29,Male,PhD,4.2,03-12-2007,Central,HR,HR Executive,Ahuja,2.8,79,4.3,4.4,5,100,19,75,0.59,7.8,4,4.3,2.9,3.5,4.4,2.7,Ready in 1 Year,59,65,6,25,2,3.4,3,2.8,4.3,4,4.5,894699,10,6.3,Yes
E1122,Employee_122,55,Other,Diploma,17.5,06-04-2018,North,HR,HR Manager,Singh,2.9,94,4.5,4,3,96,7,80,1.41,9.97,4.1,4.3,3,4.8,3.6,4.2,Ready Now,66,70,4,12,0,4.5,1,4.9,3.9,4.8,4,772697,8.8,23.7,Yes
E1123,Employee_123,47,Male,Masters,12.2,14-04-2005,East,Sales,Sales Executive,Rao,5,75,2.8,4.9,2,64,14,93,1.49,0,3.8,3.8,3.4,3.2,3.4,3.2,Ready in 3 Years,89,87,-2,21,0,4.9,1,2.5,2.8,3.6,2.3,322490,7.4,7.5,Yes
E1124,Employee_124,25,Other,Masters,2.4,18-07-2005,North,Operations,Senior Engineer,Joshi,3.9,83,4.5,3.9,4,92,14,94,0.9,2.96,2.4,2.5,3.3,3.8,2.2,4.8,Ready in 1 Year,43,76,33,47,0,4.5,3,4.4,4.7,3.1,2.9,1453276,3.4,22.5,Yes
E1125,Employee_125,29,Female,Diploma,13.4,10-09-2009,North,HR,HR Executive,Singh,4.5,89,2.6,5,2,61,1,80,0.63,4.4,3.9,3.1,2.2,3.8,4.7,3.1,Ready Now,45,65,20,57,0,4.5,2,3.3,2.6,2.8,3.5,1321911,11.5,21.5,No
E1126,Employee_126,52,Female,Diploma,15.5,17-07-2023,North,HR,HR Executive,Singh,3,91,4.6,4.5,2,81,10,96,1.17,0.8,3.3,2.5,2.6,2.6,3.2,2.2,Ready in 3 Years,60,75,15,37,4,4.9,3,3.1,4.5,2.4,3.5,427572,1.5,16.1,No
E1127,Employee_127,35,Male,Bachelors,2.2,06-07-2019,South,Sales,Sales Executive,Mehta,4.8,96,3.6,3.3,5,95,8,93,0.95,9.37,5,4.4,4.3,4,2.5,2.2,Ready in 1 Year,87,68,-19,46,4,4.8,2,4.8,2.3,2.9,4,403864,2.1,11.6,No
E1128,Employee_128,49,Male,PhD,5.2,26-03-2006,Central,IT,System Analyst,Joshi,2.9,79,2.9,4.5,3,59,13,87,0.83,7.82,3.3,3.9,3.9,4.5,3,4.1,Ready in 1 Year,71,79,8,53,4,2.7,1,3.9,4.2,3.8,2.1,1194801,16.4,10.5,No
E1129,Employee_129,47,Other,Masters,16.7,13-06-2012,West,Finance,Accountant,Rao,4.2,67,2.9,4.9,2,75,8,90,1.49,2.08,3.1,4,3.5,3.3,3.1,3.8,Ready in 3 Years,58,87,29,14,0,4,3,3.7,2.6,4.2,2.1,1758857,10,5.9,Yes
E1130,Employee_130,42,Female,PhD,15.6,23-01-2017,West,Finance,Accountant,Joshi,4.8,87,4,3.8,2,99,9,75,1.41,2.43,2.3,3,2.3,2.4,3.7,2.2,Ready in 3 Years,84,90,6,17,0,3.1,5,2.8,3.9,2.8,3.5,786525,12,22.8,No
E1131,Employee_131,46,Female,Diploma,7.1,01-03-2014,South,Sales,Sales Executive,Rao,4.5,77,3.3,3.9,3,70,6,78,0.58,0.88,2.5,3.6,2.6,2.8,3.2,4.4,Ready in 3 Years,62,78,16,3,0,2.9,2,4.8,2.1,2.5,4.7,396502,13.6,21.2,Yes
E1132,Employee_132,31,Male,Diploma,4.2,21-09-2007,East,HR,HR Executive,Ahuja,4.8,72,3,3.5,2,59,9,89,1.01,6.8,4.8,3.9,4.4,2.3,3.2,3.1,Ready Now,52,63,11,54,0,2.5,4,3.2,2.4,4,4.2,1087163,4.9,15.1,No
E1133,Employee_133,26,Other,Masters,10.7,09-08-2023,West,Finance,Analyst,Mehta,3.3,94,4.6,3,3,85,7,99,0.84,0.62,3.5,2.3,2.7,3,4.4,4.6,Ready in 3 Years,50,79,29,44,4,4.6,2,4.3,2.4,4.1,4.8,450653,7.3,15,No
E1134,Employee_134,49,Other,Diploma,21.7,26-03-2018,Central,Finance,Analyst,Ahuja,4.5,79,3.2,4.5,4,58,13,70,1.1,0.82,3.9,3.9,3.9,2.9,4.6,4.9,Ready in 1 Year,90,93,3,6,3,2.6,3,4.5,3.6,2.6,4.2,1403546,12.5,14.2,Yes
E1135,Employee_135,52,Other,Bachelors,8.3,22-02-2022,South,Finance,Sr. Accountant,Ahuja,4.2,95,3.1,4.2,3,96,13,78,0.63,9.78,3.7,5,4.7,2.7,2.2,2.8,Ready in 1 Year,74,73,-1,56,4,3.6,5,2.1,2.4,3.2,2.2,1462586,5.7,6.5,No
E1136,Employee_136,41,Male,Bachelors,19.8,16-05-2007,South,IT,System Analyst,Singh,4.2,76,3.2,2.6,5,70,7,71,1.25,3.12,4.5,2.8,2,3.1,3.7,3.4,Ready in 1 Year,69,88,19,56,1,2,4,3.5,2.8,4.5,4.3,1253197,17.6,19.5,Yes
E1137,Employee_137,25,Male,Masters,2.8,10-12-2005,North,IT,Software Developer,Rao,4.8,75,3.1,4.4,5,98,13,93,1.3,3.41,3.3,4,3.5,4.6,4.6,2,Ready in 1 Year,63,63,0,33,1,2.1,2,5,4.3,2.7,3.6,1180432,17.3,6.9,Yes
E1138,Employee_138,27,Other,Masters,24.8,24-01-2021,East,HR,HR Manager,Mehta,3.2,94,3.4,3.6,4,69,19,78,1.04,8.4,3,4.1,5,2.9,4,4.5,Ready in 1 Year,48,71,23,2,2,3,2,4.7,2.6,4.5,3.6,1244036,4.3,14.5,Yes
E1139,Employee_139,47,Male,PhD,23.4,25-01-2015,East,Sales,Sales Manager,Rao,4,74,4.7,4.9,3,63,16,76,1.09,7.01,2.6,3.3,4.5,4,3.2,4,Ready in 3 Years,83,99,16,52,1,2.3,2,2.7,2.6,4.9,2.6,1057582,19.1,12,Yes
E1140,Employee_140,23,Other,Masters,3.6,16-07-2010,Central,Operations,Junior Engineer,Singh,4.4,62,3,2.9,2,90,7,72,1.33,6.97,4.8,4.5,3.7,4,4.8,3.9,Ready in 1 Year,66,64,-2,33,5,4.4,4,2.4,2.6,2.7,2.9,1231775,18.7,16.7,No
E1141,Employee_141,57,Female,Diploma,10.9,10-11-2005,North,Finance,Accountant,Joshi,3.4,97,3,3.9,3,82,17,93,1.41,0.06,3.5,2.4,2.9,4.8,2.5,4.9,Ready in 1 Year,85,61,-24,10,4,3.6,5,3.7,3.6,2.6,2.5,1381900,7.2,12.4,Yes
E1142,Employee_142,41,Other,Diploma,2.3,15-11-2017,West,Sales,Sales Executive,Joshi,4.7,85,4.8,3.6,3,95,17,87,1.33,1.9,4.8,3.7,2.9,3.3,2.9,4.2,Ready Now,43,77,34,54,1,3.1,4,4.4,3.8,3,3.6,525687,17.1,12.9,Yes
E1143,Employee_143,29,Male,Diploma,9.6,16-04-2020,North,IT,Data Engineer,Ahuja,2.8,73,3.2,4.4,2,69,3,89,1.03,3.96,3.8,4.4,2.9,4.9,3.6,3.9,Ready in 1 Year,55,75,20,33,3,2.4,4,3.3,2.2,2.1,3.1,1007788,13.6,21.8,No
E1144,Employee_144,33,Female,PhD,24.4,02-03-2020,West,HR,HR Manager,Joshi,3.8,72,4.7,2.8,5,79,19,77,0.97,8.55,3,4.6,2.3,4.3,4.5,2.5,Ready in 3 Years,59,62,3,57,4,4.1,5,2.4,2.4,2.9,3.6,1546356,16.9,19.1,No
E1145,Employee_145,31,Female,PhD,3.2,10-09-2006,South,Sales,Sales Executive,Mehta,2.8,90,3.8,3.9,5,91,13,71,0.88,6.17,4.9,4.2,4.8,4.3,3.8,2.6,Ready in 3 Years,53,73,20,10,0,3.8,1,3.2,2.8,2.4,4.2,984500,16.3,8.7,Yes
E1146,Employee_146,43,Male,PhD,9.3,24-04-2011,North,HR,HR Manager,Mehta,4.3,97,2.6,3.7,5,59,6,86,1.12,0.63,3,4,3,2.5,2.8,3.4,Ready Now,53,80,27,58,1,2.2,1,3.4,4.5,2.3,2.8,1759192,15.6,6.2,No
E1147,Employee_147,44,Male,Diploma,2.1,21-01-2012,South,IT,DevOps Engineer,Singh,2.8,96,2.6,3.6,3,67,14,99,0.82,1.07,3.1,2.3,4.3,4.9,4.9,4.6,Ready in 3 Years,62,93,31,12,0,2.9,3,4.1,2.9,2.6,2.8,1698479,7,23.5,Yes
E1148,Employee_148,47,Female,Masters,7,08-10-2007,East,IT,System Analyst,Singh,3.8,71,4.8,4.4,3,62,5,91,1.19,0.11,3.2,4.6,3,2.1,4.2,4.4,Ready in 3 Years,57,64,7,36,4,3.9,2,4.2,2.8,2.9,4.5,1365719,18.3,20.2,No
E1149,Employee_149,42,Female,Bachelors,6,05-10-2016,Central,Finance,Sr. Accountant,Joshi,3.7,86,4.6,3,4,65,4,77,1.07,0.21,2.1,3.3,4.4,4.7,2.3,3.6,Ready in 1 Year,54,95,41,51,5,3.9,3,2.4,4.8,4.3,4.8,1793359,16.4,7,No
E1150,Employee_150,29,Male,PhD,24.9,15-09-2015,Central,Operations,Junior Engineer,Joshi,3.5,69,3.3,5,3,65,8,73,1.48,3.77,4.4,3.3,4.6,2.5,4.8,2.7,Ready in 3 Years,72,66,-6,33,0,3.8,5,3.8,3.3,4.2,2.7,835620,6.5,12.4,No
E1151,Employee_151,45,Other,Masters,22.2,17-10-2011,West,HR,HR Executive,Mehta,3.2,63,3.8,2.5,5,89,15,84,1.48,4.21,3.5,4.7,4.2,3.7,4.4,4.6,Ready in 1 Year,87,86,-1,43,5,4.9,1,2.2,4.6,3.4,2.2,911796,8.9,22.6,Yes
E1152,Employee_152,44,Male,Bachelors,8,13-05-2022,East,HR,HR Executive,Joshi,3,95,3.2,4.5,2,93,7,94,0.67,3.33,4.8,3,5,3.5,2.5,4.7,Ready in 1 Year,59,74,15,9,5,3.1,3,3.6,2.4,4.9,3.9,1345533,1.7,5.4,Yes
E1153,Employee_153,40,Female,Bachelors,3.7,17-11-2005,West,HR,HR Executive,Singh,3.1,90,4.7,4.7,3,76,16,93,1.43,0.51,3.6,4.7,2.8,3.4,3,4.9,Ready in 3 Years,70,99,29,32,0,3.8,2,3.7,2.2,2.5,3.3,1185733,2.2,6.5,No
E1154,Employee_154,27,Other,Bachelors,14.7,02-01-2013,East,Sales,Sales Manager,Ahuja,4.2,79,4.5,2.6,3,85,19,86,0.71,8.67,4.9,2.7,4.6,2.3,2.2,2.4,Ready in 1 Year,60,82,22,11,3,3.8,1,2.8,2.3,2.9,2.3,448178,12.6,12.4,No
E1155,Employee_155,22,Other,PhD,11.4,24-12-2019,West,Finance,Sr. Accountant,Joshi,3.8,86,3.4,4.5,2,70,17,82,1,2.61,2,3.9,3.5,3.3,4.9,3.7,Ready in 1 Year,62,76,14,58,0,3.7,4,3.4,4.8,4,3.2,578011,9.7,12.9,Yes
E1156,Employee_156,39,Male,Masters,9.4,20-07-2008,North,IT,Data Engineer,Rao,3.3,73,4.2,3.2,5,87,4,84,0.89,3.53,2.9,3.5,3,2.6,2.9,4.9,Ready in 1 Year,47,94,47,1,1,3.6,4,5,2.7,4,4.1,433114,2.7,18.5,No
E1157,Employee_157,36,Female,Masters,21.3,03-03-2022,South,HR,HR Manager,Ahuja,2.7,71,3.7,3.1,2,51,4,79,0.79,2.39,2.6,3.2,4.1,2.7,3.1,3.2,Ready in 3 Years,84,93,9,34,2,3.3,5,2.2,3,2.8,3.5,1068460,17.3,21.9,Yes
E1158,Employee_158,38,Male,Masters,1.2,28-04-2006,East,IT,System Analyst,Ahuja,4.4,62,3.2,3.6,5,54,7,76,0.55,1.04,3.7,3.6,3.4,3.2,3.3,3.7,Ready in 3 Years,79,94,15,2,4,3.6,5,3.7,3.9,3.6,2.2,512204,10.3,11.2,Yes
E1159,Employee_159,46,Other,Diploma,23.3,23-06-2015,East,Operations,Junior Engineer,Singh,4.7,79,2.8,4.1,2,57,5,86,1.15,4.58,3.6,2.1,3.9,2.2,3.3,2.9,Ready in 1 Year,73,75,2,14,1,3.3,4,4.4,2.5,2.3,2.4,1049211,11,18.3,No
E1160,Employee_160,41,Male,Diploma,8.6,26-11-2017,South,Finance,Accountant,Joshi,2.8,64,4.9,4,4,81,16,88,1.24,2.75,3.9,3,5,2.8,2.8,4.8,Ready Now,67,98,31,37,1,2.2,1,4.5,4.9,4.9,2.2,566186,13.9,22.6,Yes
E1161,Employee_161,22,Male,Diploma,11.5,02-03-2007,South,Finance,Sr. Accountant,Rao,4,69,2.6,3.6,5,87,10,87,0.81,5.25,2.2,4.9,3.1,3.4,3.1,4,Ready Now,70,87,17,25,5,2.9,2,2.9,2.4,4,2.1,412036,3.7,19.3,Yes
E1162,Employee_162,47,Female,Masters,11.1,11-09-2018,North,Finance,Accountant,Joshi,4.2,97,2.8,4.8,4,70,8,95,1.11,6.32,3.6,3.7,4.1,4.3,4.2,4.6,Ready Now,41,86,45,53,4,2.2,1,4.5,2.1,2.1,3.7,986093,20,15.8,Yes
E1163,Employee_163,49,Other,Bachelors,17.2,04-10-2011,North,Finance,Accountant,Ahuja,4.2,61,4.2,4.6,2,72,10,79,0.68,1.06,4.4,3.7,3.9,4.3,4.1,4.5,Ready in 1 Year,65,88,23,36,3,4.6,4,3.9,2.9,4.9,2.1,1171901,5,20.8,Yes
E1164,Employee_164,34,Male,PhD,4.5,28-08-2007,West,Finance,Analyst,Ahuja,4.1,74,2.9,4.2,4,50,15,95,0.81,4.48,3.2,5,2.9,2.9,3.1,3.7,Ready in 3 Years,83,85,2,38,2,2.8,1,4.7,2.3,4,4.7,1555878,5.2,15.9,Yes
E1165,Employee_165,22,Other,PhD,20.6,23-09-2008,North,Operations,Senior Engineer,Singh,3.8,64,2.9,2.8,4,94,5,90,1.04,0.87,2.7,2.5,2.4,3.1,2.7,2.7,Ready in 3 Years,67,72,5,46,4,2.1,5,3.3,3.5,2.4,3.3,480324,4.5,5.1,No
E1166,Employee_166,41,Female,Diploma,6.4,16-02-2009,West,Finance,Accountant,Rao,3.7,73,3.6,3.3,2,91,10,80,0.67,8.75,4.2,2.8,2.2,2.8,4.7,3.9,Ready in 1 Year,74,98,24,24,5,4.2,5,4,2.9,3.4,2.3,1147078,5.5,18,Yes
E1167,Employee_167,39,Female,Diploma,5.3,25-09-2020,Central,HR,HR Manager,Rao,3.5,92,4.9,4.8,5,83,12,74,0.64,9.77,4.9,2.5,2.9,2.3,2.8,4.4,Ready Now,81,97,16,29,0,3,3,3.9,3.2,2.5,5,507158,2,5.4,No
E1168,Employee_168,53,Female,Bachelors,21.2,10-12-2014,East,IT,System Analyst,Mehta,4.4,89,2.7,3.4,4,52,13,72,0.97,8.16,3.3,4.4,3.8,4.7,3.2,3.8,Ready in 3 Years,70,61,-9,33,1,2.5,4,2.3,2.1,4.6,2.7,647761,7.6,8.5,No
E1169,Employee_169,41,Male,Diploma,10.8,19-08-2019,East,HR,HR Executive,Singh,3.6,78,3.8,2.5,4,90,1,88,1.38,2.69,4.9,3.1,2.5,3.1,3.3,2.2,Ready Now,86,68,-18,25,4,2.8,5,2.1,3.6,2.2,4.1,574548,12.9,12.2,Yes
E1170,Employee_170,23,Male,Masters,20.2,24-10-2010,South,IT,Data Engineer,Ahuja,4.3,87,3,3.7,2,55,14,91,0.96,4.87,4.8,3.9,4.7,3.4,2.4,4.8,Ready Now,87,60,-27,40,1,4.3,3,2.2,3.4,4.6,4.8,1287938,10.8,6.7,No
E1171,Employee_171,24,Female,Diploma,8.4,03-05-2016,East,Finance,Analyst,Mehta,4.3,64,4.9,2.5,2,67,12,82,1.01,0.25,3.2,2.7,3.6,5,4.4,4.5,Ready in 1 Year,87,78,-9,14,3,2.6,1,2.1,4.6,4.9,3,849633,6.1,25,Yes
E1172,Employee_172,35,Male,PhD,2.1,26-06-2007,South,Finance,Analyst,Mehta,4.1,80,4.5,3.5,3,55,12,73,0.58,6.72,4.1,3,2.6,4.4,2.7,3.6,Ready in 3 Years,68,62,-6,29,4,2.9,3,2.5,3.7,3.1,4.9,748934,13.3,5.3,No
E1173,Employee_173,23,Male,Diploma,23.4,21-05-2011,South,Operations,Junior Engineer,Joshi,4.9,80,3.6,3.7,3,69,18,94,1,7.65,3.5,2.4,3.9,2.5,4.6,3.8,Ready Now,50,82,32,56,2,3.9,5,3.8,2.8,2.1,2.4,1299291,19.6,15,No
E1174,Employee_174,37,Female,PhD,11,07-10-2017,North,IT,System Analyst,Rao,2.8,82,2.8,4.1,4,81,18,84,0.73,6.39,2.7,4.1,4.6,2.4,4.6,3.8,Ready in 3 Years,63,79,16,15,2,2.5,2,3.4,4.6,3.7,2.2,1438452,18.8,15.3,Yes
E1175,Employee_175,51,Other,Bachelors,12.8,23-02-2017,North,HR,HR Manager,Singh,4,91,3.7,3.9,4,55,3,93,0.99,3.34,2.3,2.7,4.8,2.9,2.5,3.4,Ready in 3 Years,68,79,11,48,2,3.6,4,2.9,4,3,2.8,1601288,10.5,10.5,Yes
E1176,Employee_176,24,Female,Diploma,9.1,06-05-2005,Central,HR,HR Executive,Singh,4,85,4.5,4.2,4,95,10,86,1.02,2.34,2.4,2.4,3.7,4.2,3,2.1,Ready in 1 Year,67,97,30,17,4,4.1,4,3.4,2.1,4.2,3.6,1204027,1.1,25,Yes
E1177,Employee_177,51,Other,Diploma,4.6,05-05-2015,Central,IT,System Analyst,Singh,3,61,4.1,4.1,3,99,6,92,1.35,5.33,3.4,4.9,4.2,2.4,4.3,2.3,Ready in 1 Year,78,95,17,53,1,3.9,3,2.5,4,2.5,4.2,1739131,13.9,9.1,No
E1178,Employee_178,42,Female,Diploma,9.9,14-12-2008,North,Finance,Sr. Accountant,Mehta,5,96,4.1,3.3,5,100,17,86,1.34,5.12,3.6,3.7,2.5,2.6,3,3.8,Ready Now,58,81,23,31,5,4.9,4,2.7,2,3.1,2.3,818993,2.8,7,No
E1179,Employee_179,32,Female,Masters,4.4,12-12-2022,North,HR,HR Manager,Ahuja,2.7,66,3.5,4.8,3,91,3,89,1.45,2.59,3,3.2,2.2,3.5,2.4,3.2,Ready in 3 Years,86,74,-12,35,4,2.3,2,2.5,3.1,3.1,2.5,788161,7.9,13.1,Yes
E1180,Employee_180,25,Female,Masters,9.5,28-06-2011,Central,Operations,Junior Engineer,Ahuja,3.8,79,2.9,3.4,5,52,7,92,1.42,0.95,3.6,4.2,4.3,3.8,2.5,4.4,Ready in 1 Year,53,97,44,43,0,3.4,3,2.1,3.2,3.6,3.9,1415770,16.9,9.3,No
E1181,Employee_181,39,Other,PhD,13,27-11-2010,West,Finance,Analyst,Joshi,4.9,61,4.8,2.7,2,59,2,81,1.15,2.56,3.1,4.5,2.6,4.5,3.7,4.3,Ready in 3 Years,61,62,1,51,0,3.3,5,2.3,3.6,2.3,2.9,1479042,19.3,19.4,No
E1182,Employee_182,45,Female,Masters,1.4,07-08-2020,East,Operations,Senior Engineer,Ahuja,4.4,97,3.9,3.8,5,89,2,84,1.31,3.62,3.6,4,2.8,2.8,4.8,4.2,Ready Now,64,62,-2,57,4,2.3,3,3.5,3.6,3.1,2.2,1218472,19.1,13.2,No
E1183,Employee_183,32,Female,Masters,7.4,24-07-2018,North,HR,HR Executive,Rao,4.8,71,3.1,4.1,4,87,11,92,0.92,0.73,2.8,4.9,3.8,4.1,2,3.6,Ready in 3 Years,88,84,-4,54,1,3.3,2,3.6,3.4,4.8,4,1750328,9.8,9.8,Yes
E1184,Employee_184,36,Other,PhD,13.1,05-12-2014,North,Sales,Sales Manager,Ahuja,3.8,80,4,4.9,3,92,5,82,1.03,0.28,2.7,3.4,3.9,3.7,4.2,2.8,Ready in 1 Year,67,86,19,21,5,3.9,4,4.3,4.1,5,2.8,911709,17.1,13.9,No
E1185,Employee_185,41,Male,PhD,22.3,06-06-2012,Central,HR,HR Executive,Joshi,4.9,85,3,3,4,66,15,78,0.81,8.86,4.3,4.2,4.4,2.8,4.7,2.4,Ready in 1 Year,88,88,0,37,5,2.3,5,4.8,4.3,2.8,3.8,1407029,15,10,Yes
E1186,Employee_186,41,Male,Diploma,3.8,14-06-2020,East,Operations,Junior Engineer,Rao,2.6,98,2.9,5,3,89,1,96,1.05,8.41,5,3.3,3,4.7,2.6,3.8,Ready in 3 Years,67,65,-2,58,5,4.1,1,2.8,4.1,4.8,2.8,1058271,2.1,15.8,Yes
E1187,Employee_187,53,Female,Diploma,16.5,04-02-2013,Central,Finance,Accountant,Mehta,2.8,71,2.8,4,3,100,19,84,0.69,4.91,4.9,3.2,3.3,4.1,3.8,2.9,Ready in 1 Year,75,82,7,54,0,3.2,5,2.4,3.1,2.1,2.7,1149104,19.3,17.2,Yes
E1188,Employee_188,33,Other,Diploma,7.9,19-07-2017,South,HR,HR Manager,Joshi,2.6,75,4.7,2.6,4,80,13,71,0.71,5.37,4.2,3.9,3.4,4.9,4,4.7,Ready Now,50,68,18,43,3,4.5,5,4.6,2.7,2.3,3,1257977,2.4,10,No
E1189,Employee_189,23,Other,PhD,5.5,05-09-2021,Central,Finance,Accountant,Rao,3.8,68,2.7,3.9,4,55,18,79,0.94,3.34,3.6,3.8,2,4.3,4.1,3.1,Ready in 3 Years,82,98,16,45,4,2.8,2,2.7,3,2.6,3.7,541540,4.6,21.4,Yes
E1190,Employee_190,47,Other,Diploma,1.1,04-08-2018,North,Sales,Sales Manager,Joshi,4.9,75,2.7,3.4,5,73,3,94,1.16,9.13,4.6,3.5,3.3,3,4.2,2.9,Ready Now,76,84,8,26,0,3.4,3,3.2,4.6,4.2,2.8,1650093,1.6,20.4,Yes
E1191,Employee_191,44,Other,Bachelors,13.6,11-10-2014,West,IT,System Analyst,Rao,4.8,82,2.7,4,2,55,1,75,1.03,6.63,3.8,3.3,2.6,2.9,3.6,4,Ready in 3 Years,88,80,-8,41,0,4.5,4,2.9,2.2,3,4.2,829862,8.8,7.8,Yes
E1192,Employee_192,30,Other,Diploma,7.1,02-12-2014,East,Sales,Sales Manager,Ahuja,3.7,62,2.7,3.7,2,77,10,75,1.19,8.59,2.3,4.6,3,2.5,2.7,3.3,Ready in 1 Year,80,83,3,6,5,2.2,5,2.9,3.7,3.3,3,586268,18,20.1,Yes
E1193,Employee_193,22,Female,Masters,9.3,05-04-2018,East,Operations,Senior Engineer,Rao,2.8,72,4,3.8,3,75,2,85,0.76,8.76,4.3,2.1,3.6,3.6,3.2,2.9,Ready Now,59,77,18,42,2,2.2,3,4.4,3.2,2.9,2.9,989567,14.7,12.2,Yes
E1194,Employee_194,51,Other,Diploma,10.1,02-06-2013,North,HR,HR Manager,Mehta,4.8,78,4.2,4.8,5,58,9,91,0.72,1.3,2,2.5,4.1,2.7,3.4,3.8,Ready in 3 Years,41,76,35,36,2,4.2,5,3.8,2.3,3,2.3,806528,17.3,14.5,No
E1195,Employee_195,25,Male,PhD,18,27-02-2017,South,HR,HR Executive,Mehta,4.4,68,3.9,4.7,2,59,1,79,1.18,0.74,5,3.2,2.9,3.7,2.9,2.3,Ready in 3 Years,49,83,34,43,0,2.5,2,5,2.9,2.8,2.5,304677,2.2,24.5,No
E1196,Employee_196,57,Male,Diploma,7.3,28-05-2008,West,Sales,Sales Manager,Rao,3.6,99,2.9,2.5,4,67,10,79,0.64,4.26,3.7,3.8,2.8,3.2,4.3,4.8,Ready in 1 Year,53,95,42,47,0,3.7,5,3,2.4,2.3,4.1,423662,6.4,24.2,No
E1197,Employee_197,34,Female,Diploma,16.1,17-11-2007,North,Sales,Sales Executive,Singh,4.6,72,3.3,4.4,3,80,17,80,1.3,4.77,2.4,2.7,4.8,4.6,4.1,3.4,Ready in 1 Year,56,93,37,33,2,4.3,2,4.4,2.6,2.6,4,1227476,6.5,22.1,Yes
E1198,Employee_198,26,Female,Diploma,9.8,11-05-2015,West,Sales,Sales Manager,Rao,4.8,69,4.4,3.8,3,100,10,92,0.95,5.99,2.2,2.7,4.8,4.7,4.3,2.1,Ready in 3 Years,47,69,22,28,2,4.2,1,4.7,3.9,2.2,4.7,1361394,16.5,9.7,No
E1199,Employee_199,37,Male,PhD,7.3,22-05-2013,South,Sales,Sales Executive,Ahuja,3.6,61,3,3.7,3,77,5,78,0.51,0.75,3.6,4.6,2,4.8,2.3,4.5,Ready in 3 Years,41,61,20,1,2,3.4,3,3.4,4.5,4.3,3.5,1622014,16.3,5.1,No
E1200,Employee_200,29,Other,Diploma,7.3,17-04-2021,East,HR,HR Manager,Mehta,3.7,80,2.7,2.6,5,84,15,83,0.67,3.79,4.7,3.8,3.2,4.8,2.1,2.6,Ready in 3 Years,64,78,14,12,4,3.2,4,2.8,4.2,4.6,4,1302297,3.4,24,Yes
E1201,Employee_201,31,Female,Masters,8.3,14-01-2013,Central,Sales,Sales Manager,Rao,2.7,92,4.4,2.8,2,96,16,85,1.25,4.74,3.3,2,4.5,3.1,3.6,4,Ready in 3 Years,67,61,-6,42,0,3.6,1,4.9,4.8,4.6,3.3,1456813,18.2,22,Yes
E1202,Employee_202,32,Male,Diploma,10.1,22-02-2023,West,Operations,Senior Engineer,Mehta,4.8,68,4.6,3.3,4,74,8,85,0.87,8.55,4.4,3,4.1,2.5,4.7,3.2,Ready in 1 Year,85,97,12,2,1,3,1,2.1,2.6,4.5,4.3,543768,8.4,11.9,Yes
E1203,Employee_203,41,Male,Diploma,1.4,26-07-2013,South,Sales,Sales Executive,Ahuja,4.7,68,4.8,2.7,5,66,6,73,1.32,9.6,4.4,3.8,3.5,2.1,5,3.2,Ready in 3 Years,51,89,38,40,1,2.8,1,3.4,4.6,4.8,5,705732,17.4,10.3,Yes
E1204,Employee_204,56,Male,Masters,5.9,05-05-2012,North,IT,DevOps Engineer,Ahuja,3.7,68,3.7,2.8,2,51,14,83,1.4,9.11,4.8,3.6,4,4.3,2.4,3.8,Ready in 3 Years,48,84,36,7,1,2.7,2,2.5,3.1,3.3,3.9,1200542,5.2,21.1,No
E1205,Employee_205,44,Other,Bachelors,12.6,13-08-2023,East,IT,Software Developer,Ahuja,3.2,69,2.7,2.7,5,77,1,86,0.54,3.1,3,4.5,4,2.8,4.9,3,Ready in 1 Year,65,76,11,43,1,2.6,2,4,3.6,4.9,4.2,861700,18.4,13.2,Yes
E1206,Employee_206,25,Other,Bachelors,1.3,12-08-2017,East,Sales,Sales Manager,Singh,2.7,92,2.7,3.2,3,99,11,87,0.78,4.61,4,2.5,3.5,4.2,4.6,3.9,Ready in 3 Years,76,71,-5,8,4,4.3,3,2.4,4.3,2.8,4.8,1300610,12.9,22.8,No
E1207,Employee_207,40,Male,PhD,24.1,11-03-2006,West,Sales,Sales Executive,Mehta,4,93,2.7,4.7,2,100,9,96,1.12,1.32,4.3,2.8,4.7,4.5,3,4.4,Ready in 1 Year,72,91,19,18,1,4.9,2,2.6,3.5,2.7,3.2,1583644,7,14.7,Yes
E1208,Employee_208,27,Female,PhD,14.4,01-06-2022,Central,Finance,Sr. Accountant,Ahuja,3.9,96,4.4,4.8,3,68,15,95,1.37,0.83,4.7,2.9,3.5,3.3,4.3,3.3,Ready in 3 Years,41,84,43,23,1,2.5,5,3.5,2.4,3.8,3.7,1789720,2.9,5.2,Yes
E1209,Employee_209,32,Male,Masters,22.5,04-10-2013,North,IT,DevOps Engineer,Singh,3.9,92,3.6,2.6,2,80,3,91,1.37,6.62,3.3,4.5,4.7,2.4,3.6,2.9,Ready in 1 Year,85,72,-13,29,2,3.4,2,2.5,3,3.3,4.5,1194829,18.2,11.4,No
E1210,Employee_210,42,Male,Bachelors,7.2,22-01-2010,Central,IT,System Analyst,Joshi,3,73,3.6,4.7,3,85,2,76,0.53,0.72,4,3.3,4.3,5,4,2.2,Ready Now,86,85,-1,58,3,3.9,1,3.5,3.6,2.9,4.8,1068576,7.5,24.2,No
E1211,Employee_211,53,Female,Masters,22.5,11-12-2023,Central,IT,Software Developer,Singh,4.1,76,3.6,3.2,2,98,12,97,1.41,8.33,2.9,4.4,2.1,4.9,3.6,2.9,Ready in 3 Years,64,60,-4,19,5,4,2,3.3,4.8,2.7,3.6,1706427,14.4,6.4,Yes
E1212,Employee_212,33,Female,Diploma,6.2,13-11-2013,East,HR,HR Executive,Joshi,2.7,80,3.1,2.6,4,74,11,85,1.01,8.3,3,3.3,2.4,2.4,3.9,4,Ready in 3 Years,70,86,16,26,4,3.9,3,3.5,3.6,2.5,4.3,582745,4.3,19.3,Yes
E1213,Employee_213,57,Other,Bachelors,5.7,21-06-2012,Central,HR,HR Executive,Mehta,3.9,75,4.8,4.2,5,57,11,99,1.1,1.21,2.2,3.6,3.2,3.8,2.3,3.3,Ready in 1 Year,67,60,-7,17,4,3.7,2,3.9,2.8,4.7,2.1,818534,13.3,5.5,No
E1214,Employee_214,40,Male,Diploma,1.4,09-01-2015,South,Operations,Junior Engineer,Mehta,4.2,82,3.7,3.8,4,85,4,72,1.47,1.76,3.8,3.3,3.3,2.8,4.5,3.5,Ready in 1 Year,82,75,-7,42,3,2.9,1,2.3,4.1,2.6,4.1,1329625,13.4,8,Yes
E1215,Employee_215,31,Other,Masters,17,03-01-2022,Central,Operations,Junior Engineer,Singh,3,60,4.7,3,2,74,1,73,0.63,6.39,2.2,2.4,3.9,3,4.1,3.7,Ready in 3 Years,56,62,6,3,4,4.5,5,4.7,3.4,4,3.5,1334780,20,17.2,Yes
E1216,Employee_216,35,Male,Bachelors,2,13-01-2016,North,Operations,Junior Engineer,Rao,4.1,97,4.2,3.2,2,55,16,94,1.08,6.99,4.6,2.4,3.6,2,2.3,2.2,Ready Now,58,81,23,27,2,3.5,5,4,3.3,4.9,3.8,1799067,18.7,22.2,Yes
E1217,Employee_217,53,Male,Diploma,13.1,08-12-2021,West,Sales,Sales Executive,Rao,4.6,92,3.2,4.5,3,75,1,73,0.75,8.84,3.7,2.6,2.7,3.5,4.9,4.3,Ready in 1 Year,69,77,8,30,3,3.6,1,4.4,2.2,3.1,3.5,1545874,19.2,23.6,Yes
E1218,Employee_218,30,Male,Masters,7.2,15-09-2023,East,Finance,Analyst,Mehta,4.6,80,4.5,3.4,3,86,9,94,0.69,0.61,3.8,5,2.5,2.1,4.3,2.8,Ready in 1 Year,72,83,11,19,2,2.3,2,3.2,4,3.4,3.9,968640,11.3,9.7,No
E1219,Employee_219,53,Other,Bachelors,8,24-11-2016,North,HR,HR Manager,Rao,2.6,78,4.9,4.1,2,59,16,99,0.72,9.33,3.5,3.9,4.2,3.1,4.2,4,Ready in 3 Years,63,94,31,16,3,4,2,4.5,3.8,3.3,4.8,1602970,17.2,25,Yes
E1220,Employee_220,46,Female,Bachelors,8.3,18-02-2023,Central,Finance,Analyst,Mehta,4.8,98,3,4.1,3,90,7,83,0.81,1.79,4.7,3.2,2.7,3.3,3,4.2,Ready in 3 Years,47,62,15,24,4,4.6,5,2.3,4.2,3,4,1665431,17.9,13.8,No
E1221,Employee_221,38,Female,Masters,24.6,23-03-2018,South,Sales,Sales Executive,Joshi,2.8,86,2.6,3.6,5,90,2,92,0.76,1.65,4.1,3.5,2.6,3,3.8,2.2,Ready Now,66,95,29,58,5,3.7,3,4.4,2.6,2.3,4.2,1059848,13.2,5.8,No
E1222,Employee_222,30,Female,Bachelors,1.8,16-10-2006,Central,Sales,Sales Executive,Joshi,4.4,67,3.8,3.8,3,59,1,98,0.79,2.67,4.8,2.5,3.7,3.7,4.2,3.5,Ready in 1 Year,56,89,33,10,2,2.9,1,3.7,4.2,2.4,4.6,347850,8.9,18.8,No
E1223,Employee_223,26,Male,Masters,16.5,04-08-2018,West,IT,System Analyst,Ahuja,3.9,63,3.7,2.5,2,62,14,92,0.74,4.47,2.2,4.9,2.7,4.8,3.3,5,Ready in 1 Year,52,92,40,59,2,2.5,5,4.8,2.2,3.3,4.1,1526162,11.3,15.5,No
E1224,Employee_224,37,Other,Masters,14.5,08-12-2023,West,Finance,Accountant,Joshi,2.8,90,3.3,3.7,2,51,12,98,0.8,6.62,2.5,4.1,2.4,3.3,2.7,4.2,Ready in 1 Year,65,61,-4,24,4,3.8,2,2.6,3.8,2.3,3.2,1346072,19.7,15.6,No
E1225,Employee_225,50,Female,Bachelors,8.2,03-10-2009,South,Finance,Accountant,Ahuja,4.1,94,3.6,4.8,3,57,4,94,1.14,2.87,2.9,3.2,4.6,3.5,4,3.2,Ready Now,52,82,30,59,0,3.3,3,4.8,2.6,2.4,4.6,1387288,5.4,10.3,No
E1226,Employee_226,33,Male,Bachelors,24.8,27-12-2022,East,Sales,Sales Executive,Singh,3.1,77,3.6,3.1,2,51,1,76,1.41,5.67,3.1,3.1,3.2,4.2,3.4,4.6,Ready in 3 Years,81,72,-9,10,4,3.3,4,2.3,2.6,3.2,2.6,710789,11,18.2,Yes
E1227,Employee_227,56,Female,Bachelors,2.6,15-08-2006,Central,Sales,Sales Manager,Ahuja,4.7,77,2.8,2.5,3,91,9,76,1.29,2.96,3.5,3.3,3.2,2.7,2.4,2.6,Ready in 1 Year,56,73,17,30,1,2,4,3.2,3.1,2.5,3.3,587555,7.8,5.2,No
E1228,Employee_228,24,Male,Masters,21.9,22-04-2022,West,Finance,Sr. Accountant,Mehta,2.6,97,4.4,2.7,5,77,3,82,1.32,2.1,3.2,2.9,3.2,2.5,3.5,4.4,Ready Now,80,99,19,53,2,4.5,5,4.9,3.2,3.2,3.2,1740352,5.2,10.4,Yes
E1229,Employee_229,45,Male,Diploma,10.5,24-11-2019,East,Operations,Junior Engineer,Ahuja,3.6,66,2.5,3.1,2,75,13,80,1.14,1.08,3.3,4.9,2.1,2.9,2.9,3.9,Ready in 1 Year,90,88,-2,26,4,4.3,1,2.3,4.2,3,4.9,1346094,6,7.4,Yes
E1230,Employee_230,37,Other,PhD,16.4,17-09-2013,North,Sales,Sales Executive,Mehta,4.8,89,5,4.5,4,78,2,73,0.67,0.79,4.1,4.4,4.5,4.7,4.6,5,Ready in 3 Years,45,74,29,57,5,4.6,5,2.8,4.9,4.7,2.4,1500182,6.2,5.7,No
E1231,Employee_231,51,Other,Bachelors,4.9,17-07-2015,North,Finance,Analyst,Mehta,4.4,72,4.3,3,2,84,8,89,0.98,3.23,4.5,2.9,4,2.4,4.1,4.7,Ready in 3 Years,76,86,10,1,1,2.4,2,3.9,2.8,2.9,4.1,665208,14.7,18.7,Yes
E1232,Employee_232,23,Other,Diploma,2.4,17-04-2018,Central,IT,Data Engineer,Rao,3.1,67,3.7,4,3,93,10,79,0.75,3.36,3.8,3.4,4.2,2.6,2,4.3,Ready in 3 Years,62,79,17,5,2,3.1,2,3.1,4.4,4.6,4.6,1797986,6.2,22.1,No
E1233,Employee_233,47,Other,Diploma,11.8,01-03-2009,West,Finance,Sr. Accountant,Ahuja,3.6,78,2.9,4.9,5,62,1,88,0.84,2.34,3.4,3.7,3.9,2.8,4.8,2.5,Ready Now,56,60,4,55,0,2,1,4.5,2.6,2.7,2.4,747392,14.9,18.7,Yes
E1234,Employee_234,31,Other,Masters,12.7,09-12-2021,South,IT,Data Engineer,Rao,4.7,95,4.2,4.9,4,55,10,85,1.38,8.63,3.3,3.8,4.9,3.6,4.7,2.2,Ready Now,73,74,1,59,5,2.3,4,4.4,5,3.2,2.1,1591378,9.1,8.9,No
E1235,Employee_235,38,Female,Masters,8.9,09-07-2006,West,Sales,Sales Manager,Ahuja,2.9,84,4.5,5,2,60,7,78,0.53,3.38,2.3,2.8,4.5,2.1,3.6,3.7,Ready in 1 Year,53,75,22,4,5,3.1,5,2.9,3.8,4.1,3.2,960457,8.9,13.1,No
E1236,Employee_236,25,Other,PhD,3.5,03-04-2023,South,IT,Software Developer,Singh,3.5,75,3.9,3.7,2,80,17,78,1.44,0.91,2.1,4.4,2.3,5,3.9,4,Ready in 1 Year,45,84,39,39,2,2.9,4,4.7,4.9,2.6,2.4,1369527,2.8,5.1,Yes
E1237,Employee_237,33,Male,PhD,6.8,06-12-2014,North,Finance,Sr. Accountant,Singh,3.3,85,3.4,3.3,5,62,16,80,1.18,0.03,4.8,2.3,3.2,4.3,3.3,4.8,Ready Now,68,69,1,33,1,4.4,5,4.7,4.2,3.1,2.3,1023666,7,10.9,No
E1238,Employee_238,56,Other,Bachelors,5,27-11-2014,East,Sales,Sales Manager,Rao,3,80,3.8,3.3,5,81,5,99,1.13,1.53,4.1,4,2.1,3.2,3,4,Ready Now,73,66,-7,36,4,2.1,3,4.4,4.8,4.9,2,1084627,5.7,24.9,No
E1239,Employee_239,52,Other,Masters,22.6,10-03-2016,West,IT,System Analyst,Rao,3.7,66,2.7,4.5,4,56,10,98,1.02,7.42,3.5,3.3,3.2,2.1,3,4.9,Ready in 3 Years,46,67,21,38,5,3.8,3,2.4,4.7,4,4.7,1163689,9.3,20.7,No
E1240,Employee_240,23,Female,Bachelors,1.5,22-09-2014,Central,Sales,Sales Executive,Rao,4,81,2.9,3.3,4,100,3,92,0.98,2.71,2.1,3.8,3.2,2.9,4.6,4.2,Ready in 3 Years,51,94,43,26,3,2.4,1,3.3,2.2,4.5,2.4,1440203,11.6,23.1,Yes
E1241,Employee_241,29,Other,Bachelors,12.1,13-12-2015,East,Sales,Sales Manager,Singh,4.9,90,2.6,4.3,5,56,2,81,0.94,9.62,4.5,3.5,4.3,4.5,3,4.7,Ready Now,84,63,-21,5,2,2.5,1,3.1,2,3.9,4.1,586885,19.4,22.3,Yes
E1242,Employee_242,51,Male,Diploma,13.9,10-02-2022,East,Finance,Accountant,Ahuja,3.8,98,3.6,3.8,2,73,19,92,1.35,2.58,3.5,4.9,3,3.8,2.3,3.8,Ready in 1 Year,68,90,22,23,2,4.2,3,4.4,4.1,3.8,3.3,652559,19.2,15,No
E1243,Employee_243,50,Female,Diploma,11.2,12-07-2022,East,Sales,Sales Executive,Mehta,3.4,94,3.6,2.8,5,57,11,85,1.25,3.78,3.4,3.9,4.7,3.3,4.3,2.8,Ready in 3 Years,65,73,8,4,4,2.9,1,2.1,4.1,2.1,2.8,867327,19.3,9.9,Yes
E1244,Employee_244,36,Female,Diploma,6,25-12-2013,South,Operations,Senior Engineer,Joshi,4,92,3.9,4.6,3,50,16,87,1.17,1.15,4.1,3.3,4.8,2.4,3.9,3.1,Ready Now,66,79,13,15,4,4.9,1,3.6,3.9,4.9,2.3,1388894,10.9,10.9,No
E1245,Employee_245,33,Male,PhD,22,21-10-2005,Central,IT,System Analyst,Joshi,3.1,68,3.5,3.3,4,93,5,76,1.26,0.18,4.8,2.3,4.4,4.7,4.8,4.6,Ready Now,57,75,18,51,1,5,5,2.4,2.1,4.6,3.7,1693758,6.3,24.4,Yes
E1246,Employee_246,38,Male,PhD,23,19-05-2021,South,Finance,Sr. Accountant,Ahuja,4.3,98,3.3,3.1,2,70,18,72,0.96,8.46,3.4,3.3,2.5,3.3,3.6,2.1,Ready Now,45,88,43,26,3,3.2,5,3.9,4.7,2.1,3.7,1328520,12,8,No
E1247,Employee_247,55,Male,PhD,20.6,11-08-2010,West,Sales,Sales Manager,Rao,4.5,82,3.5,2.7,4,78,13,80,1.15,4.13,3.2,4,2.2,3.8,4.3,4.5,Ready Now,43,79,36,51,0,4,4,3.5,3.6,4.8,4.7,323259,8.5,12.8,No
E1248,Employee_248,27,Other,Bachelors,5.1,20-09-2009,West,HR,HR Manager,Singh,2.9,62,4.7,3.1,2,66,2,78,1.3,5.38,2.9,2.4,4.2,3.8,4,2,Ready in 3 Years,42,80,38,36,0,3,1,4,3.3,4.1,4.6,310567,9.6,13.2,Yes
E1249,Employee_249,44,Male,Bachelors,24.8,06-08-2023,West,Finance,Accountant,Singh,2.7,74,4.1,2.8,5,92,3,88,1.14,8.34,4.4,3,2.8,3.3,3.4,2.7,Ready Now,49,79,30,32,5,3.2,3,4.4,4.4,3.4,3.8,1397838,7.8,12.6,No
E1250,Employee_250,55,Male,PhD,3.2,11-05-2016,West,Sales,Sales Manager,Ahuja,4.9,73,2.8,3.6,5,75,16,79,1.38,4.34,3.2,2.1,3.5,3.7,3.7,4.1,Ready in 3 Years,52,68,16,22,1,4.4,4,2.7,3.5,3.6,2.1,1622959,10.5,16.9,Yes
E1251,Employee_251,41,Male,Bachelors,24.7,22-01-2020,South,Operations,Junior Engineer,Rao,3.5,81,2.7,3.1,3,82,12,79,1.16,2.64,2,3.6,3.8,4.9,3.8,3.4,Ready in 3 Years,76,82,6,16,3,3,1,3.9,4.2,4.7,4.6,1289269,2.3,19.5,No
E1252,Employee_252,40,Other,Bachelors,1.8,04-09-2009,North,Operations,Senior Engineer,Joshi,4.3,92,4.9,4.6,4,98,11,82,0.65,8.06,3.5,4.9,2.8,3.4,3.3,2.4,Ready Now,73,94,21,20,3,2.5,2,4.2,2.1,3.9,4.3,1393956,3.3,7,No
E1253,Employee_253,49,Other,Masters,21.5,24-06-2008,North,Operations,Junior Engineer,Joshi,4.5,90,4.7,2.9,3,70,1,74,0.63,3.99,2.5,2.8,2.8,3.7,3.2,4.8,Ready Now,56,73,17,15,1,2.3,4,3.1,4.4,3,2.5,1594876,11.8,14.4,Yes
E1254,Employee_254,53,Female,Bachelors,24.2,20-10-2010,West,HR,HR Executive,Singh,3.8,77,2.8,3.7,4,93,8,75,0.98,9.92,4.1,4.5,3.2,4.3,2.1,2.4,Ready Now,70,94,24,6,2,2.1,4,4,4.1,3.8,3.1,845007,7.5,6.7,No
E1255,Employee_255,27,Male,Bachelors,9.2,27-08-2016,South,HR,HR Manager,Joshi,2.6,72,4,4.8,2,90,13,71,1.06,0.08,2.2,2.4,2.6,3.5,5,4,Ready in 1 Year,50,91,41,36,0,3.4,1,4.1,3.4,2.4,2.6,461298,12.6,7.1,No
E1256,Employee_256,32,Female,Bachelors,11,23-12-2007,South,Finance,Analyst,Ahuja,4.3,71,4.2,2.5,4,60,15,79,1.41,1.7,4.5,4.8,4.8,4.7,3.6,3.1,Ready in 1 Year,65,99,34,5,3,3.3,4,2.3,2.8,4.5,4.9,1136127,6.7,17,Yes
E1257,Employee_257,44,Male,Diploma,8.8,04-11-2006,West,IT,System Analyst,Singh,4,73,4.1,4.1,2,87,18,71,0.7,0.28,4.4,2.1,4.5,2.4,4.9,3.8,Ready Now,53,92,39,18,3,3.6,3,3.8,4.5,2.5,3.8,1798198,12.3,21.9,No
E1258,Employee_258,57,Other,Masters,3.6,20-02-2010,Central,Operations,Junior Engineer,Mehta,3.3,74,4.9,2.8,3,71,8,82,1.36,7.82,4.8,2.7,3.7,2.8,4.5,2,Ready in 3 Years,51,72,21,37,4,4.6,2,3.9,4.6,3.8,4.6,897518,10.9,14,No
E1259,Employee_259,30,Other,PhD,14.7,17-07-2015,West,Sales,Sales Executive,Joshi,4,89,3.2,2.9,5,85,13,76,0.87,2.62,4.3,4.3,3.4,3.8,3.1,4.1,Ready in 3 Years,64,80,16,43,1,3.5,3,2.8,2.6,3,3.4,1017583,2.8,24,Yes
E1260,Employee_260,36,Male,Bachelors,11.5,17-06-2006,North,IT,System Analyst,Mehta,3.9,64,3.9,3.2,3,66,19,70,1.41,0.9,4.3,3.9,3.8,2.9,4.1,4.4,Ready in 3 Years,52,91,39,3,3,2.3,3,3.1,3.7,2.3,5,1429212,1.8,10.6,No
E1261,Employee_261,38,Female,Bachelors,16.2,21-08-2005,South,Finance,Accountant,Singh,3.5,68,2.6,3.5,3,77,4,95,1.02,8.19,3.6,2.1,2.9,3.7,4.9,4.6,Ready in 1 Year,59,75,16,22,5,2.9,3,4.8,4.6,4.3,3.2,1528135,9.8,10.1,Yes
E1262,Employee_262,38,Other,Bachelors,11.1,07-08-2023,South,Operations,Junior Engineer,Rao,4.4,92,3,3.3,5,94,18,72,1.25,3.29,2.4,3.2,4.9,2.7,3.8,3.3,Ready in 1 Year,48,93,45,20,5,3.8,5,4.6,2.9,2.3,4.8,1445283,15.7,15.5,Yes
E1263,Employee_263,27,Female,PhD,4.5,05-06-2005,North,Finance,Sr. Accountant,Joshi,3.2,88,4.5,3.1,5,50,16,93,1.1,9.86,4.8,4.6,4.7,3.4,4,4.7,Ready Now,81,82,1,37,4,4.2,3,4.1,4.8,2.7,3.6,965275,10.9,10.4,No
E1264,Employee_264,50,Other,Masters,23.5,10-10-2014,Central,Operations,Junior Engineer,Singh,3.8,83,4.1,3.5,3,90,5,98,1.33,7.85,2.6,3.9,4.5,3.9,2.9,4,Ready in 3 Years,82,85,3,4,0,4,5,3.7,2.3,4.8,3,1245424,19.2,21.4,Yes
E1265,Employee_265,57,Other,Masters,21.5,05-01-2015,West,Finance,Sr. Accountant,Ahuja,3.9,74,4.5,3.9,5,52,1,78,0.91,1.14,4,4.1,4.2,4.2,2,4.9,Ready Now,47,60,13,46,3,2,4,4.5,3.4,2.6,4.5,1050909,19.2,18.6,Yes
E1266,Employee_266,57,Female,PhD,12.4,21-01-2007,South,HR,HR Executive,Ahuja,4.2,78,3.4,3.1,3,90,1,82,0.5,6.31,3.8,3,3.4,2.7,4.4,3.9,Ready in 1 Year,54,66,12,34,3,3.6,4,4.7,4.8,3.2,4.7,986475,5.9,7.4,Yes
E1267,Employee_267,45,Other,PhD,1.5,27-12-2015,Central,Finance,Sr. Accountant,Rao,3.3,72,4.6,3.8,5,70,14,87,0.95,1.89,2.8,3.6,4.5,3.2,4.2,4.6,Ready Now,87,62,-25,46,5,3,4,3.1,5,2.8,2.8,1530556,10.6,18.7,Yes
E1268,Employee_268,26,Male,PhD,8.6,08-10-2022,Central,IT,System Analyst,Joshi,4.5,63,3.2,3.9,4,85,6,85,0.92,9.43,4.2,2.3,4.5,4.2,3.8,4.5,Ready in 1 Year,58,70,12,35,1,3.5,2,3.7,3.3,4,3.9,1398053,16.2,23.9,No
E1269,Employee_269,42,Other,Diploma,13.1,02-10-2009,West,IT,System Analyst,Mehta,3.5,63,3.2,3.4,4,50,10,89,1.1,4.93,4.4,4.8,3.1,2.7,3.8,3.5,Ready Now,72,90,18,17,2,2.5,1,4.9,4.5,2.5,4.7,1737902,14.2,20.3,Yes
E1270,Employee_270,50,Male,Masters,8.5,04-11-2018,Central,Finance,Accountant,Ahuja,4.6,62,2.6,5,5,81,1,94,1.15,8.56,2.3,3,4.6,2.6,2.2,4.4,Ready in 3 Years,76,64,-12,43,5,4.6,1,2.6,2.3,3.6,4.1,1292791,6.4,15.1,Yes
E1271,Employee_271,49,Other,PhD,21.7,08-12-2012,South,HR,HR Manager,Rao,4.2,86,4.7,3.2,2,100,9,92,1.22,6.15,2.1,4.6,4.4,4,3,2.2,Ready in 1 Year,71,91,20,36,0,4.2,1,4.3,3.6,2.4,3.6,1283762,14.1,10.9,No
E1272,Employee_272,51,Female,Bachelors,13.8,25-12-2010,North,IT,DevOps Engineer,Rao,4.4,66,3.7,2.7,4,51,16,99,1.03,5.17,4.8,3.6,3.7,3.2,4.8,4.3,Ready in 3 Years,49,81,32,20,3,3.7,4,4.5,4.5,2.6,4.1,796586,20,10.3,No
E1273,Employee_273,55,Other,Masters,2.7,09-12-2017,South,Sales,Sales Manager,Singh,3.3,95,4.7,3.2,5,76,10,94,1.33,3.05,5,2.2,4,3.3,3.3,3.4,Ready Now,87,65,-22,8,5,4.8,4,2.8,4.5,3,4.2,1196445,4.2,11.3,Yes
E1274,Employee_274,30,Female,Bachelors,17.5,28-08-2007,South,Sales,Sales Manager,Mehta,4.5,94,2.8,2.7,3,56,16,90,0.86,5.01,2.1,3,2.5,3.9,3.4,3.5,Ready in 1 Year,46,60,14,42,5,2.6,5,2.3,4.9,4.9,3.6,1575173,4.4,5.5,Yes
E1275,Employee_275,34,Other,Masters,17.8,20-11-2021,South,Finance,Accountant,Joshi,4.3,76,3,3.1,2,93,15,76,1.33,2.85,3.1,3.4,4.9,2.5,3.1,4.2,Ready in 1 Year,83,90,7,51,4,2.7,3,3.3,3.3,3.9,4.3,719814,2.4,6.4,No
E1276,Employee_276,44,Other,Masters,11.8,19-08-2016,North,Operations,Senior Engineer,Ahuja,3.3,89,4.8,3.1,2,91,10,74,1.29,8.82,4.5,3.7,2.7,4,4.1,2,Ready in 1 Year,57,64,7,25,3,3.5,3,2.9,4.6,2.5,2.6,1448175,7.7,19.3,Yes
E1277,Employee_277,42,Female,Diploma,4.5,26-02-2017,West,IT,Data Engineer,Ahuja,3.5,81,4.4,4.1,3,89,6,85,1.23,7.08,2.5,4.7,2.2,2.2,2.6,4.7,Ready in 3 Years,49,94,45,23,4,2.7,5,3.1,4.5,2.1,2.7,1289862,15,19,No
E1278,Employee_278,22,Female,Bachelors,18,25-10-2010,West,Sales,Sales Manager,Joshi,3.2,72,3.5,3.9,4,63,16,91,0.73,9.95,4.9,4.5,4.1,2.9,4.7,2.8,Ready Now,82,86,4,2,5,2.1,3,4.4,4.4,2.6,4,1185697,3.5,12.5,Yes
E1279,Employee_279,50,Male,Bachelors,7.9,14-12-2012,South,Finance,Accountant,Joshi,4.8,98,4.1,4.5,2,58,10,73,0.76,0.39,2.9,4.2,2.1,2.7,4.1,4.3,Ready in 3 Years,68,66,-2,5,4,4.1,3,2.5,3.2,3.7,4.8,1438458,10.6,11.6,Yes
E1280,Employee_280,41,Male,Diploma,11.8,01-03-2022,South,Sales,Sales Executive,Mehta,2.8,62,3.5,4.6,2,75,3,88,0.73,7.44,3.6,4.4,4.3,2.6,4.1,4.4,Ready Now,43,73,30,13,5,4.9,4,3.4,3.1,3.7,2.6,1547880,13.3,13.4,No
E1281,Employee_281,42,Other,PhD,2.8,14-12-2015,Central,Sales,Sales Manager,Joshi,3.8,64,3.2,2.9,5,73,8,94,1.08,1.31,3.4,2.8,4.5,2.9,4.5,3.3,Ready in 3 Years,76,65,-11,42,4,3.9,3,3.9,2,2.1,4.6,1507540,6,18.8,No
E1282,Employee_282,25,Female,Diploma,19.7,06-04-2007,West,Sales,Sales Executive,Ahuja,3.1,60,2.7,4.1,2,58,9,81,1.16,7.32,3.1,4.5,2.1,4.3,2.8,3.4,Ready Now,46,71,25,42,1,2.5,3,4,3.6,3.5,2.8,1211995,8.6,17.3,Yes
E1283,Employee_283,49,Female,PhD,16.8,17-01-2012,North,Sales,Sales Manager,Mehta,4.4,91,2.5,3.2,3,69,6,97,1.43,6.45,3.2,4.8,4.4,2.6,2.4,4,Ready Now,48,79,31,9,2,4.2,2,3.8,2,2.8,4,1693361,5.8,20.5,No
E1284,Employee_284,46,Other,Masters,9.7,21-10-2008,East,Sales,Sales Executive,Joshi,4.5,77,3.9,3.5,2,97,2,93,0.75,7.19,3.8,4.7,2.2,2.5,4.4,3.1,Ready in 3 Years,46,71,25,14,1,3.2,2,4.1,2.3,3.2,4.5,1481426,1.1,5.9,Yes
E1285,Employee_285,36,Female,Bachelors,2.9,06-07-2012,Central,HR,HR Executive,Joshi,3.4,65,4.5,4.2,2,86,14,74,0.7,9.11,2.5,2.9,3.6,2.8,2.6,3.8,Ready Now,51,66,15,22,0,3.3,3,4.2,3.7,3.3,3.7,1232478,19.3,9.3,Yes
E1286,Employee_286,44,Male,PhD,3,28-11-2022,South,Sales,Sales Manager,Rao,2.8,88,4.2,4.6,2,85,9,84,0.97,4.11,4.8,3,4.9,4.7,3.9,3.7,Ready in 3 Years,70,98,28,16,5,4.3,1,2.4,2.8,4.8,3.1,1766737,6.8,15.9,Yes
E1287,Employee_287,37,Female,Diploma,17.5,12-04-2020,North,IT,Software Developer,Mehta,5,77,2.5,3.3,4,75,13,85,1.37,7.49,4.8,2.2,2,4,2.9,2.8,Ready Now,66,94,28,3,5,4.7,2,3.3,3.5,4,3.2,1722163,16.1,13.9,Yes
E1288,Employee_288,40,Male,Masters,14.7,02-10-2010,West,HR,HR Manager,Rao,4.3,98,2.9,3.3,3,60,10,80,1.33,9.32,4.3,4.5,3.4,3.2,3.2,3.8,Ready in 3 Years,62,96,34,3,3,4,1,4.6,3.7,3,2.9,1222879,7.1,6.6,Yes
E1289,Employee_289,27,Male,Bachelors,4.5,05-09-2022,Central,IT,Data Engineer,Rao,2.9,73,4.4,4.8,3,58,6,86,0.87,0.54,4.3,4.1,3.8,3.5,2.1,3.9,Ready in 1 Year,86,88,2,55,5,3.3,2,2.5,2.1,4.7,2,1340673,1.7,19,Yes
E1290,Employee_290,48,Female,Bachelors,23.5,05-11-2023,North,Operations,Junior Engineer,Rao,3.9,67,3.8,5,2,52,14,95,1.12,4.69,2.3,3.1,2.1,3.9,4.7,4.7,Ready in 3 Years,61,91,30,4,4,3.5,4,3.4,3.3,4.3,3.6,1635184,11.2,19.6,Yes
E1291,Employee_291,36,Male,Bachelors,6.8,02-04-2017,East,Sales,Sales Manager,Ahuja,5,65,3.3,5,4,88,4,71,0.94,0.57,4.9,3.8,3.7,4,3.5,2.1,Ready in 1 Year,47,86,39,5,5,3.9,4,4.3,2.7,2.7,2.5,1727400,19.6,24.3,Yes
E1292,Employee_292,38,Female,PhD,15.6,25-07-2012,West,HR,HR Executive,Rao,3.9,94,3.3,2.9,2,94,19,99,1.2,4.92,2.3,2.5,2.3,3.8,2.3,4.3,Ready in 3 Years,56,95,39,1,0,4,3,2.2,4.5,3.5,4.5,960709,13.3,13.7,No
E1293,Employee_293,57,Male,Masters,20.9,24-08-2018,South,IT,DevOps Engineer,Joshi,3.7,64,3.5,4.1,3,81,18,96,1.35,8.45,3.4,2.5,3.4,3.5,3.5,3.6,Ready in 1 Year,75,100,25,15,2,4.7,1,3.4,4.4,4.5,3.2,1389301,18.4,7.5,No
E1294,Employee_294,46,Female,PhD,4.4,15-06-2013,East,IT,Data Engineer,Joshi,3.9,66,3.6,4.1,5,51,19,85,0.97,3.88,3.1,3.9,3.5,4.5,4.6,2.5,Ready Now,47,81,34,12,1,2.1,1,2.1,4.7,2.7,4.8,941204,19.7,18.3,Yes
E1295,Employee_295,26,Male,PhD,19.9,21-08-2011,West,Finance,Analyst,Mehta,3.3,67,4.7,4.7,3,72,6,98,0.82,5.42,2.3,4,4.2,4.9,2.8,2.1,Ready Now,90,94,4,1,0,4,2,2.6,2.8,3.5,3,986874,13.3,14,No
E1296,Employee_296,22,Male,Diploma,9.8,11-12-2014,West,Sales,Sales Manager,Ahuja,3.2,90,2.8,4.4,4,62,9,71,1.2,2.53,2.1,3.2,4.8,2,3.8,3.5,Ready in 3 Years,58,77,19,54,2,2.8,5,4,4,4.8,4.5,1450187,10,13,No
E1297,Employee_297,48,Female,Diploma,24.5,27-09-2009,West,Operations,Senior Engineer,Singh,4,80,3.4,3.6,3,64,17,95,1.33,1.09,2.3,3.3,2.3,3.9,2.4,3.6,Ready in 1 Year,69,87,18,10,4,3.7,2,4.5,4.3,3.6,2.5,342597,17.1,23.2,No
E1298,Employee_298,35,Male,Masters,2.1,12-10-2017,West,Finance,Analyst,Singh,3.2,80,3,3.5,5,92,2,77,0.72,7.06,2.6,3.7,2.8,4.9,2.1,2.6,Ready in 3 Years,45,61,16,25,1,4.4,1,3.5,4.6,4.1,3.7,884087,7.3,5.8,No
E1299,Employee_299,33,Other,Masters,10.7,26-09-2013,West,IT,Data Engineer,Mehta,3.6,83,3.1,2.5,4,51,16,73,0.7,2.85,4.3,3.4,3,3.9,4,4.3,Ready in 1 Year,53,65,12,3,5,3.8,3,4.9,4.6,2,3.1,1086872,7.6,11.8,No
